ID,COU,RES,SITE,SITE_ID,PLOT,Replicate,Patch,Species,Abundance #,Cover %
45,Australia,"Eldridge, David",Hay site,14,2,1,Maireana aphylla,Sclerolaena tricuspis,2,25
45,Australia,"Eldridge, David",Hay site,14,2,1,Maireana aphylla,Sclerolaena brachyptera,1,10
45,Australia,"Eldridge, David",Hay site,14,2,1,Interspace,Sclerolaena brachyptera,7,7
45,Australia,"Eldridge, David",Hay site,14,2,1,Interspace,Maireana trichoptera,2,2
45,Australia,"Eldridge, David",Hay site,14,2,1,Interspace,Austrostipa scabra,9,2
45,Australia,"Eldridge, David",Hay site,14,2,1,Interspace,Atriplex semibaccata,1,0.5
45,Australia,"Eldridge, David",Hay site,14,2,2,Maireana aphylla,Austrostipa scabra,2,0.5
45,Australia,"Eldridge, David",Hay site,14,2,2,Interspace,Austrostipa scabra,18,5
45,Australia,"Eldridge, David",Hay site,14,2,2,Interspace,Sclerolaena brachyptera,5,7
45,Australia,"Eldridge, David",Hay site,14,2,3,Maireana aphylla,Atriplex semibaccata,1,1
45,Australia,"Eldridge, David",Hay site,14,2,3,Maireana aphylla,Sida trichopoda,1,0.5
45,Australia,"Eldridge, David",Hay site,14,2,3,Interspace,Austrostipa scabra,10,5
45,Australia,"Eldridge, David",Hay site,14,2,3,Interspace,Atriplex semibaccata,2,1
45,Australia,"Eldridge, David",Hay site,14,2,4,Maireana aphylla,Sclerolaena tricuspis,2,10
45,Australia,"Eldridge, David",Hay site,14,2,4,Maireana aphylla,Einadia nutans,2,3
45,Australia,"Eldridge, David",Hay site,14,2,4,Maireana aphylla,Austrostipa scabra,3,1
45,Australia,"Eldridge, David",Hay site,14,2,4,Maireana aphylla,Sporobolus caroli,1,0.5
45,Australia,"Eldridge, David",Hay site,14,2,4,Interspace,Sporobolus caroli,3,3
45,Australia,"Eldridge, David",Hay site,14,2,4,Interspace,Austrostipa scabra,7,5
45,Australia,"Eldridge, David",Hay site,14,2,4,Interspace,Sida trichopoda,2,1
45,Australia,"Eldridge, David",Hay site,14,2,5,Maireana aphylla,Austrostipa scabra,12,5
45,Australia,"Eldridge, David",Hay site,14,2,5,Interspace,Austrostipa scabra,12,15
45,Australia,"Eldridge, David",Hay site,14,2,5,Interspace,Sclerolaena brachyptera,4,10
45,Australia,"Eldridge, David",Hay site,14,2,5,Interspace,Atriplex semibaccata,3,15
45,Australia,"Eldridge, David",Hay site,14,2,5,Interspace,Einadia nutans,2,0.5
45,Australia,"Eldridge, David",Hay site,14,2,5,Interspace,Austrodanthonia caespitosa,3,0.5
45,Australia,"Eldridge, David",Hay site,14,2,6,Maireana aphylla,Austrostipa scabra,14,15
45,Australia,"Eldridge, David",Hay site,14,2,6,Interspace,Atriplex semibaccata,3,2
45,Australia,"Eldridge, David",Hay site,14,2,6,Interspace,Sclerolaena diacantha,2,0.5
45,Australia,"Eldridge, David",Hay site,14,2,6,Interspace,Austrostipa scabra,10,3
45,Australia,"Eldridge, David",Hay site,14,2,7,Maireana aphylla,Sida trichopoda,1,15
45,Australia,"Eldridge, David",Hay site,14,2,7,Maireana aphylla,Austrostipa scabra,3,2
45,Australia,"Eldridge, David",Hay site,14,2,7,Maireana aphylla,Sclerolaena tricuspis,3,0.5
45,Australia,"Eldridge, David",Hay site,14,2,7,Maireana aphylla,Sclerolaena brachyptera,6,10
45,Australia,"Eldridge, David",Hay site,14,2,7,Interspace,Sclerolaena tricuspis,1,5
45,Australia,"Eldridge, David",Hay site,14,2,7,Interspace,Austrostipa scabra,1,0.5
45,Australia,"Eldridge, David",Hay site,14,2,7,Interspace,Sclerolaena brachyptera,1,0.5
45,Australia,"Eldridge, David",Hay site,14,2,8,Maireana aphylla,Sporobolus caroli,1,1
45,Australia,"Eldridge, David",Hay site,14,2,8,Maireana aphylla,Sclerolaena tricuspis,2,1
45,Australia,"Eldridge, David",Hay site,14,2,8,Interspace,Sclerolaena brachyptera,7,25
45,Australia,"Eldridge, David",Hay site,14,2,8,Interspace,Atriplex semibaccata,1,0.5
45,Australia,"Eldridge, David",Hay site,14,2,8,Interspace,Maireana trichoptera,1,0.5
45,Australia,"Eldridge, David",Hay site,14,2,9,Maireana aphylla,Einadia nutans,2,0.5
45,Australia,"Eldridge, David",Hay site,14,2,9,Maireana aphylla,Sclerolaena brachyptera,1,2
45,Australia,"Eldridge, David",Hay site,14,2,9,Interspace,Austrostipa scabra,2,0.5
45,Australia,"Eldridge, David",Hay site,14,2,10,Maireana aphylla,Sporobolus caroli,2,0.5
45,Australia,"Eldridge, David",Hay site,14,2,10,Maireana aphylla,Atriplex semibaccata,1,0.5
45,Australia,"Eldridge, David",Hay site,14,2,10,Maireana aphylla,Maireana trichoptera,2,1
45,Australia,"Eldridge, David",Hay site,14,2,10,Maireana aphylla,Sclerolaena brachyptera,5,10
45,Australia,"Eldridge, David",Hay site,14,2,10,Maireana aphylla,Sclerolaena diacantha,1,0.5
45,Australia,"Eldridge, David",Hay site,14,2,10,Interspace,Austrostipa scabra,5,1
45,Australia,"Eldridge, David",Hay site,14,2,10,Interspace,Sida intricata,1,0.5
45,Australia,"Eldridge, David",Hay site,14,2,11,Maireana aphylla,Austrostipa scabra,3,2
45,Australia,"Eldridge, David",Hay site,14,2,11,Maireana aphylla,Atriplex semibaccata,1,1
45,Australia,"Eldridge, David",Hay site,14,2,11,Maireana aphylla,Sporobolus caroli,11,2
45,Australia,"Eldridge, David",Hay site,14,2,11,Interspace,Sida trichopoda,1,2
45,Australia,"Eldridge, David",Hay site,14,2,11,Interspace,Austrostipa scabra,4,5
45,Australia,"Eldridge, David",Hay site,14,2,11,Interspace,Sclerolaena brachyptera,3,15
45,Australia,"Eldridge, David",Hay site,14,2,11,Interspace,Sporobolus caroli,1,0.5
45,Australia,"Eldridge, David",Hay site,14,2,12,Maireana aphylla,Atriplex semibaccata,1,5
45,Australia,"Eldridge, David",Hay site,14,2,12,Maireana aphylla,Sclerolaena diacantha,1,2
45,Australia,"Eldridge, David",Hay site,14,2,12,Maireana aphylla,Sclerolaena brachyptera,3,20
45,Australia,"Eldridge, David",Hay site,14,2,12,Maireana aphylla,Sporobolus caroli,3,1
45,Australia,"Eldridge, David",Hay site,14,2,12,Interspace,Sporobolus caroli,1,0.5
45,Australia,"Eldridge, David",Hay site,14,2,12,Interspace,Sida intricata,1,0.5
45,Australia,"Eldridge, David",Hay site,14,2,12,Interspace,Sclerolaena brachyptera,1,0.5
45,Australia,"Eldridge, David",Hay site,14,2,13,Maireana aphylla,Austrostipa scabra,6,2
45,Australia,"Eldridge, David",Hay site,14,2,13,Maireana aphylla,Sclerolaena brachyptera,2,1
45,Australia,"Eldridge, David",Hay site,14,2,13,Maireana aphylla,Sporobolus caroli,2,1
45,Australia,"Eldridge, David",Hay site,14,2,13,Maireana aphylla,Atriplex semibaccata,1,1
45,Australia,"Eldridge, David",Hay site,14,2,13,Interspace,Sclerolaena tricuspis,1,1
45,Australia,"Eldridge, David",Hay site,14,2,13,Interspace,Sporobolus caroli,1,0.5
45,Australia,"Eldridge, David",Hay site,14,2,13,Interspace,Craspedia sp,1,10
45,Australia,"Eldridge, David",Hay site,14,2,14,Maireana aphylla,Sclerolaena brachyptera,3,3
45,Australia,"Eldridge, David",Hay site,14,2,14,Maireana aphylla,Atriplex semibaccata,2,7
45,Australia,"Eldridge, David",Hay site,14,2,14,Interspace,Maireana trichoptera,1,0.5
45,Australia,"Eldridge, David",Hay site,14,2,14,Interspace,Austrodanthonia caespitosa,1,0.5
45,Australia,"Eldridge, David",Hay site,14,2,15,Maireana aphylla,Sclerolaena brachyptera,10,30
45,Australia,"Eldridge, David",Hay site,14,2,15,Maireana aphylla,Atriplex semibaccata,2,0.5
45,Australia,"Eldridge, David",Hay site,14,2,15,Interspace,Sclerolaena brachyptera,8,20
45,Australia,"Eldridge, David",Hay site,14,2,15,Interspace,Sclerolaena tricuspis,1,0.5
45,Australia,"Eldridge, David",Hay site,14,2,16,Maireana aphylla,Sclerolaena brachyptera,3,7
45,Australia,"Eldridge, David",Hay site,14,2,16,Maireana aphylla,Sporobolus caroli,1,0.5
45,Australia,"Eldridge, David",Hay site,14,2,16,Interspace,Sclerolaena brachyptera,5,10
45,Australia,"Eldridge, David",Hay site,14,2,17,Maireana aphylla,Sclerolaena brachyptera,3,10
45,Australia,"Eldridge, David",Hay site,14,2,17,Maireana aphylla,Sclerolaena tricuspis,2,2
45,Australia,"Eldridge, David",Hay site,14,2,17,Interspace,No species present,0,0
45,Australia,"Eldridge, David",Hay site,14,2,18,Maireana aphylla,Sclerolaena brachyptera,2,1
45,Australia,"Eldridge, David",Hay site,14,2,18,Interspace,Sida trichopoda,2,3
45,Australia,"Eldridge, David",Hay site,14,2,18,Interspace,Sclerolaena brachyptera,2,3
45,Australia,"Eldridge, David",Hay site,14,2,18,Interspace,Austrodanthonia caespitosa,2,0.5
45,Australia,"Eldridge, David",Hay site,14,2,19,Maireana aphylla,Atriplex semibaccata,1,0.5
45,Australia,"Eldridge, David",Hay site,14,2,19,Maireana aphylla,Sclerolaena brachyptera,2,2
45,Australia,"Eldridge, David",Hay site,14,2,19,Interspace,Sclerolaena brachyptera,2,7
45,Australia,"Eldridge, David",Hay site,14,2,20,Maireana aphylla,Sclerolaena brachyptera,2,10
45,Australia,"Eldridge, David",Hay site,14,2,20,Interspace,Sclerolaena brachyptera,7,2
45,Australia,"Eldridge, David",Hay site,14,2,20,Interspace,Sclerolaena tricuspis,1,0.5
45,Australia,"Eldridge, David",Hay site,14,2,20,Interspace,Atriplex semibaccata,2,0.5
45,Australia,"Eldridge, David",Hay site,14,2,21,Maireana aphylla,Sclerolaena tricuspis,1,1
45,Australia,"Eldridge, David",Hay site,14,2,21,Maireana aphylla,Atriplex semibaccata,3,2
45,Australia,"Eldridge, David",Hay site,14,2,21,Maireana aphylla,Sclerolaena diacantha,1,0.5
45,Australia,"Eldridge, David",Hay site,14,2,21,Interspace,Sporobolus caroli,2,1
45,Australia,"Eldridge, David",Hay site,14,2,21,Interspace,Sclerolaena brachyptera,2,2
45,Australia,"Eldridge, David",Hay site,14,2,21,Interspace,Austrostipa scabra,1,0.5
45,Australia,"Eldridge, David",Hay site,14,2,22,Maireana aphylla,Austrostipa scabra,3,2
45,Australia,"Eldridge, David",Hay site,14,2,22,Maireana aphylla,Sclerolaena brachyptera,2,5
45,Australia,"Eldridge, David",Hay site,14,2,22,Interspace,Atriplex semibaccata,1,0.5
45,Australia,"Eldridge, David",Hay site,14,2,22,Interspace,Austrostipa scabra,1,0.5
45,Australia,"Eldridge, David",Hay site,14,2,22,Interspace,Sporobolus caroli,1,0.5
45,Australia,"Eldridge, David",Hay site,14,2,23,Maireana aphylla,Atriplex semibaccata,8,40
45,Australia,"Eldridge, David",Hay site,14,2,23,Maireana aphylla,Sclerolaena brachyptera,3,5
45,Australia,"Eldridge, David",Hay site,14,2,23,Interspace,Sclerolaena tricuspis,1,3
45,Australia,"Eldridge, David",Hay site,14,2,23,Interspace,Sclerolaena brachyptera,2,15
45,Australia,"Eldridge, David",Hay site,14,2,24,Interspace,Sporobolus caroli,1,0.5
45,Australia,"Eldridge, David",Hay site,14,2,24,Maireana aphylla,Atriplex semibaccata,1,2
45,Australia,"Eldridge, David",Hay site,14,2,24,Maireana aphylla,Sclerolaena brachyptera,1,0.5
45,Australia,"Eldridge, David",Hay site,14,2,24,Maireana aphylla,Sporobolus caroli,1,0.5
45,Australia,"Eldridge, David",Hay site,14,2,24,Interspace,Austrostipa scabra,10,2
45,Australia,"Eldridge, David",Hay site,14,2,24,Interspace,Sporobolus caroli,1,0.5
45,Australia,"Eldridge, David",Hay site,14,2,25,Maireana aphylla,Sclerolaena tricuspis,1,0.5
45,Australia,"Eldridge, David",Hay site,14,2,25,Maireana aphylla,Chloris truncata,1,0.5
45,Australia,"Eldridge, David",Hay site,14,2,25,Maireana aphylla,Austrostipa scabra,8,2
45,Australia,"Eldridge, David",Hay site,14,2,25,Maireana aphylla,Austrodanthonia caespitosa,2,0.5
45,Australia,"Eldridge, David",Hay site,14,2,25,Maireana aphylla,Sclerolaena diacantha,1,0.5
45,Australia,"Eldridge, David",Hay site,14,2,25,Interspace,Atriplex semibaccata,2,0.5
45,Australia,"Eldridge, David",Hay site,14,2,25,Interspace,Sclerolaena brachyptera,3,1
47,Australia,"Eldridge, David",Hay site,14,4,1,Atriplex vesicaria,No species present,0,0
47,Australia,"Eldridge, David",Hay site,14,4,1,Open,No species present,0,0
47,Australia,"Eldridge, David",Hay site,14,4,2,Atriplex vesicaria,Austrostipa scabra,1,0.5
47,Australia,"Eldridge, David",Hay site,14,4,2,Open,No species present,0,0
47,Australia,"Eldridge, David",Hay site,14,4,3,Atriplex vesicaria,Atriplex vesicaria,15,2
47,Australia,"Eldridge, David",Hay site,14,4,3,Open,No species present,0,0
47,Australia,"Eldridge, David",Hay site,14,4,4,Atriplex vesicaria,Atriplex vesicaria,14,1
47,Australia,"Eldridge, David",Hay site,14,4,4,Open,No species present,0,0
47,Australia,"Eldridge, David",Hay site,14,4,5,Atriplex vesicaria,Atriplex vesicaria,1,0.5
47,Australia,"Eldridge, David",Hay site,14,4,5,Open,No species present,0,0
47,Australia,"Eldridge, David",Hay site,14,4,6,Atriplex vesicaria,Atriplex vesicaria,5,1
47,Australia,"Eldridge, David",Hay site,14,4,6,Open,No species present,0,0
47,Australia,"Eldridge, David",Hay site,14,4,7,Atriplex vesicaria,Austrostipa scabra,5,0.5
47,Australia,"Eldridge, David",Hay site,14,4,7,Open,Austrostipa scabra,2,0.5
47,Australia,"Eldridge, David",Hay site,14,4,8,Atriplex vesicaria,Austrostipa scabra,3,0.5
47,Australia,"Eldridge, David",Hay site,14,4,8,Open,No species present,0,0
47,Australia,"Eldridge, David",Hay site,14,4,9,Atriplex vesicaria,Austrostipa scabra,2,0.5
47,Australia,"Eldridge, David",Hay site,14,4,9,Open,No species present,0,0
47,Australia,"Eldridge, David",Hay site,14,4,10,Atriplex vesicaria,No species present,0,0
47,Australia,"Eldridge, David",Hay site,14,4,10,Open,No species present,0,0
47,Australia,"Eldridge, David",Hay site,14,4,11,Atriplex vesicaria,Austrodanthonia caespitosa,1,0.5
47,Australia,"Eldridge, David",Hay site,14,4,11,Open,No species present,0,0
47,Australia,"Eldridge, David",Hay site,14,4,12,Atriplex vesicaria,Austrostipa scabra,1,0.5
47,Australia,"Eldridge, David",Hay site,14,4,12,Open,No species present,0,0
47,Australia,"Eldridge, David",Hay site,14,4,13,Atriplex vesicaria,Sporobolus caroli,1,0.5
47,Australia,"Eldridge, David",Hay site,14,4,13,Open,No species present,0,0
47,Australia,"Eldridge, David",Hay site,14,4,14,Atriplex vesicaria,Atriplex vesicaria,5,0.5
47,Australia,"Eldridge, David",Hay site,14,4,14,Open,No species present,0,0
47,Australia,"Eldridge, David",Hay site,14,4,15,Atriplex vesicaria,No species present,0,0
47,Australia,"Eldridge, David",Hay site,14,4,15,Open,No species present,0,0
47,Australia,"Eldridge, David",Hay site,14,4,16,Atriplex vesicaria,Austrostipa scabra,3,0.5
47,Australia,"Eldridge, David",Hay site,14,4,16,Open,No species present,0,0
47,Australia,"Eldridge, David",Hay site,14,4,17,Atriplex vesicaria,Vittadinia cuneata complex,1,0.5
47,Australia,"Eldridge, David",Hay site,14,4,17,Open,No species present,0,0
47,Australia,"Eldridge, David",Hay site,14,4,18,Atriplex vesicaria,No species present,0,0
47,Australia,"Eldridge, David",Hay site,14,4,18,Open,No species present,0,0
47,Australia,"Eldridge, David",Hay site,14,4,19,Atriplex vesicaria,Atriplex vesicaria,1,0.5
47,Australia,"Eldridge, David",Hay site,14,4,19,Open,No species present,0,0
47,Australia,"Eldridge, David",Hay site,14,4,20,Atriplex vesicaria,No species present,0,0
47,Australia,"Eldridge, David",Hay site,14,4,20,Open,No species present,0,0
47,Australia,"Eldridge, David",Hay site,14,4,21,Atriplex vesicaria,No species present,0,0
47,Australia,"Eldridge, David",Hay site,14,4,21,Open,No species present,0,0
47,Australia,"Eldridge, David",Hay site,14,4,22,Atriplex vesicaria,No species present,0,0
47,Australia,"Eldridge, David",Hay site,14,4,22,Open,No species present,0,0
47,Australia,"Eldridge, David",Hay site,14,4,23,Atriplex vesicaria,Atriplex vesicaria,1,0.5
47,Australia,"Eldridge, David",Hay site,14,4,23,Open,No species present,0,0
47,Australia,"Eldridge, David",Hay site,14,4,24,Atriplex vesicaria,Atriplex vesicaria,1,0.5
47,Australia,"Eldridge, David",Hay site,14,4,24,Open,No species present,0,0
47,Australia,"Eldridge, David",Hay site,14,4,25,Atriplex vesicaria,Atriplex vesicaria,0,0
47,Australia,"Eldridge, David",Hay site,14,4,25,Open,No species present,0,0
46,Australia,"Eldridge, David",Hay site,14,3,1,Atriplex vesicaria,Paspalidium constrictum,1,0.5
46,Australia,"Eldridge, David",Hay site,14,3,1,Open,No species present,0,0
46,Australia,"Eldridge, David",Hay site,14,3,2,Atriplex vesicaria,Paspalidium constrictum,4,10
46,Australia,"Eldridge, David",Hay site,14,3,2,Open,Paspalidium constrictum,1,2
46,Australia,"Eldridge, David",Hay site,14,3,3,Atriplex vesicaria,No species present,0,0
46,Australia,"Eldridge, David",Hay site,14,3,3,Open,Austrodanthonia caespitosa,1,1
46,Australia,"Eldridge, David",Hay site,14,3,4,Atriplex vesicaria,No species present,0,0
46,Australia,"Eldridge, David",Hay site,14,3,4,Open,No species present,0,0
46,Australia,"Eldridge, David",Hay site,14,3,5,Atriplex vesicaria,No species present,0,0
46,Australia,"Eldridge, David",Hay site,14,3,5,Open,Sclerolaena diacantha,1,1
46,Australia,"Eldridge, David",Hay site,14,3,6,Atriplex vesicaria,No species present,0,0
46,Australia,"Eldridge, David",Hay site,14,3,6,Open,Austrodanthonia caespitosa,1,1
46,Australia,"Eldridge, David",Hay site,14,3,7,Atriplex vesicaria,Sclerolaena diacantha,3,5
46,Australia,"Eldridge, David",Hay site,14,3,7,Open,Sclerolaena brachyptera,1,0.5
46,Australia,"Eldridge, David",Hay site,14,3,8,Atriplex vesicaria,Austrostipa scabra,1,3
46,Australia,"Eldridge, David",Hay site,14,3,8,Atriplex vesicaria,Paspalidium constrictum,5,10
46,Australia,"Eldridge, David",Hay site,14,3,8,Open,Sclerolaena diacantha,1,2
46,Australia,"Eldridge, David",Hay site,14,3,8,Open,Sclerolaena brachyptera,1,5
46,Australia,"Eldridge, David",Hay site,14,3,8,Open,Austrodanthonia caespitosa,8,7
46,Australia,"Eldridge, David",Hay site,14,3,9,Atriplex vesicaria,Paspalidium constrictum,6,10
46,Australia,"Eldridge, David",Hay site,14,3,9,Open,No species present,0,0
46,Australia,"Eldridge, David",Hay site,14,3,10,Atriplex vesicaria,No species present,0,0
46,Australia,"Eldridge, David",Hay site,14,3,10,Open,Sclerolaena brachyptera,1,7
46,Australia,"Eldridge, David",Hay site,14,3,11,Atriplex vesicaria,No species present,0,0
46,Australia,"Eldridge, David",Hay site,14,3,11,Open,Atriplex vesicaria,1,0.5
46,Australia,"Eldridge, David",Hay site,14,3,12,Atriplex vesicaria,Austrodanthonia caespitosa,1,2
46,Australia,"Eldridge, David",Hay site,14,3,12,Open,Austrostipa scabra,1,2
46,Australia,"Eldridge, David",Hay site,14,3,12,Open,Sclerolaena diacantha,3,5
46,Australia,"Eldridge, David",Hay site,14,3,12,Open,Chloris truncata,1,2
46,Australia,"Eldridge, David",Hay site,14,3,13,Atriplex vesicaria,Austrodanthonia caespitosa,2,5
46,Australia,"Eldridge, David",Hay site,14,3,13,Atriplex vesicaria,Atriplex vesicaria,4,3
46,Australia,"Eldridge, David",Hay site,14,3,13,Open,No species present,0,0
46,Australia,"Eldridge, David",Hay site,14,3,14,Atriplex vesicaria,No species present,0,0
46,Australia,"Eldridge, David",Hay site,14,3,14,Open,Atriplex vesicaria,2,5
46,Australia,"Eldridge, David",Hay site,14,3,14,Open,Paspalidium constrictum,1,3
46,Australia,"Eldridge, David",Hay site,14,3,14,Open,Chloris truncata,2,2
46,Australia,"Eldridge, David",Hay site,14,3,15,Atriplex vesicaria,Paspalidium constrictum,1,0.5
46,Australia,"Eldridge, David",Hay site,14,3,15,Open,No species present,0,0
46,Australia,"Eldridge, David",Hay site,14,3,16,Atriplex vesicaria,Austrostipa scabra,1,1
46,Australia,"Eldridge, David",Hay site,14,3,16,Atriplex vesicaria,Atriplex vesicaria,2,10
46,Australia,"Eldridge, David",Hay site,14,3,16,Open,Austrostipa scabra,2,1
46,Australia,"Eldridge, David",Hay site,14,3,16,Open,Sclerolaena brachyptera,2,20
46,Australia,"Eldridge, David",Hay site,14,3,16,Open,Austrodanthonia caespitosa,1,2
46,Australia,"Eldridge, David",Hay site,14,3,17,Atriplex vesicaria,No species present,0,0
46,Australia,"Eldridge, David",Hay site,14,3,17,Open,Atriplex vesicaria,1,0.5
46,Australia,"Eldridge, David",Hay site,14,3,17,Open,Sclerolaena diacantha,1,0.5
46,Australia,"Eldridge, David",Hay site,14,3,18,Atriplex vesicaria,Austrostipa scabra,5,5
46,Australia,"Eldridge, David",Hay site,14,3,18,Atriplex vesicaria,Austrodanthonia caespitosa,3,5
46,Australia,"Eldridge, David",Hay site,14,3,18,Atriplex vesicaria,Atriplex vesicaria,2,0.5
46,Australia,"Eldridge, David",Hay site,14,3,18,Open,Sclerolaena diacantha,1,3
46,Australia,"Eldridge, David",Hay site,14,3,18,Open,Paspalidium constrictum,1,15
46,Australia,"Eldridge, David",Hay site,14,3,19,Atriplex vesicaria,Austrodanthonia caespitosa,1,2
46,Australia,"Eldridge, David",Hay site,14,3,19,Atriplex vesicaria,Atriplex vesicaria,2,0.5
46,Australia,"Eldridge, David",Hay site,14,3,19,Open,No species present,0,0
46,Australia,"Eldridge, David",Hay site,14,3,20,Atriplex vesicaria,Sclerolaena brachyptera,8,5
46,Australia,"Eldridge, David",Hay site,14,3,20,Open,Sclerolaena brachyptera,3,25
46,Australia,"Eldridge, David",Hay site,14,3,20,Open,Austrostipa scabra,2,0.5
46,Australia,"Eldridge, David",Hay site,14,3,21,Atriplex vesicaria,Paspalidium constrictum,5,5
46,Australia,"Eldridge, David",Hay site,14,3,21,Open,Sclerolaena diacantha,1,0.5
46,Australia,"Eldridge, David",Hay site,14,3,22,Atriplex vesicaria,Paspalidium constrictum,5,3
46,Australia,"Eldridge, David",Hay site,14,3,22,Atriplex vesicaria,Sclerolaena diacantha,2,0.5
46,Australia,"Eldridge, David",Hay site,14,3,22,Open,No species present,0,0
46,Australia,"Eldridge, David",Hay site,14,3,23,Atriplex vesicaria,Sclerolaena diacantha,2,2
46,Australia,"Eldridge, David",Hay site,14,3,23,Atriplex vesicaria,Atriplex vesicaria,3,0.5
46,Australia,"Eldridge, David",Hay site,14,3,23,Atriplex vesicaria,Oxalis sp.,1,0.5
46,Australia,"Eldridge, David",Hay site,14,3,23,Open,No species present,0,0
46,Australia,"Eldridge, David",Hay site,14,3,24,Atriplex vesicaria,Paspalidium constrictum,2,5
46,Australia,"Eldridge, David",Hay site,14,3,24,Open,Paspalidium constrictum,1,2
46,Australia,"Eldridge, David",Hay site,14,3,25,Atriplex vesicaria,Atriplex vesicaria,3,0.5
46,Australia,"Eldridge, David",Hay site,14,3,25,Open,Atriplex vesicaria,1,0.5
46,Australia,"Eldridge, David",Hay site,14,3,25,Open,Paspalidium constrictum,1,0.5
46,Australia,"Eldridge, David",Hay site,14,3,1,Maireana aphylla,Enneapogon avenaceus,6,10
46,Australia,"Eldridge, David",Hay site,14,3,1,Open,Atriplex vesicaria,1,0.5
46,Australia,"Eldridge, David",Hay site,14,3,1,Open,Austrodanthonia caespitosa,1,2
46,Australia,"Eldridge, David",Hay site,14,3,2,Maireana aphylla,Maireana aphylla,3,1
46,Australia,"Eldridge, David",Hay site,14,3,2,Open,Austrodanthonia caespitosa,1,0.5
46,Australia,"Eldridge, David",Hay site,14,3,3,Maireana aphylla,Maireana aphylla,1,0.5
46,Australia,"Eldridge, David",Hay site,14,3,3,Open,No species present,0,0
46,Australia,"Eldridge, David",Hay site,14,3,4,Maireana aphylla,No species present,0,0
46,Australia,"Eldridge, David",Hay site,14,3,4,Open,Sclerolaena brachyptera,2,5
46,Australia,"Eldridge, David",Hay site,14,3,4,Open,Atriplex vesicaria,1,1
46,Australia,"Eldridge, David",Hay site,14,3,5,Maireana aphylla,Atriplex vesicaria,3,1
46,Australia,"Eldridge, David",Hay site,14,3,5,Maireana aphylla,Einadia nutans,1,0.5
46,Australia,"Eldridge, David",Hay site,14,3,5,Open,Sclerolaena diacantha,1,0.5
46,Australia,"Eldridge, David",Hay site,14,3,6,Maireana aphylla,Austrodanthonia caespitosa,1,1
46,Australia,"Eldridge, David",Hay site,14,3,6,Maireana aphylla,Atriplex vesicaria,3,10
46,Australia,"Eldridge, David",Hay site,14,3,6,Open,Austrodanthonia caespitosa,2,0.5
46,Australia,"Eldridge, David",Hay site,14,3,7,Maireana aphylla,Sclerolaena brachyptera,2,1
46,Australia,"Eldridge, David",Hay site,14,3,7,Maireana aphylla,Sclerolaena diacantha,1,0.5
46,Australia,"Eldridge, David",Hay site,14,3,7,Open,Sclerolaena diacantha,7,10
46,Australia,"Eldridge, David",Hay site,14,3,7,Open,Austrostipa scabra,3,0.5
46,Australia,"Eldridge, David",Hay site,14,3,8,Maireana aphylla,Paspalidium constrictum,4,5
46,Australia,"Eldridge, David",Hay site,14,3,8,Open,Sclerolaena diacantha,1,3
46,Australia,"Eldridge, David",Hay site,14,3,9,Maireana aphylla,Austrodanthonia caespitosa,1,0.5
46,Australia,"Eldridge, David",Hay site,14,3,9,Maireana aphylla,Sclerolaena diacantha,2,1
46,Australia,"Eldridge, David",Hay site,14,3,9,Open,No species present,0,0
46,Australia,"Eldridge, David",Hay site,14,3,10,Maireana aphylla,Austrodanthonia caespitosa,1,1
46,Australia,"Eldridge, David",Hay site,14,3,10,Maireana aphylla,Sclerolaena diacantha,3,5
46,Australia,"Eldridge, David",Hay site,14,3,10,Maireana aphylla,Chloris truncata,1,2
46,Australia,"Eldridge, David",Hay site,14,3,10,Open,No species present,0,0
46,Australia,"Eldridge, David",Hay site,14,3,11,Maireana aphylla,Paspalidium constrictum,5,10
46,Australia,"Eldridge, David",Hay site,14,3,11,Maireana aphylla,Einadia nutans,2,1
46,Australia,"Eldridge, David",Hay site,14,3,11,Open,Paspalidium constrictum,1,0.5
46,Australia,"Eldridge, David",Hay site,14,3,12,Maireana aphylla,Paspalidium constrictum,2,5
46,Australia,"Eldridge, David",Hay site,14,3,12,Open,Sclerolaena diacantha,3,12
46,Australia,"Eldridge, David",Hay site,14,3,12,Open,Sclerolaena brachyptera,1,3
46,Australia,"Eldridge, David",Hay site,14,3,13,Maireana aphylla,No species present,0,0
46,Australia,"Eldridge, David",Hay site,14,3,13,Open,Sclerolaena diacantha,1,1
46,Australia,"Eldridge, David",Hay site,14,3,14,Maireana aphylla,Paspalidium constrictum,3,5
46,Australia,"Eldridge, David",Hay site,14,3,14,Open,Paspalidium constrictum,1,1
46,Australia,"Eldridge, David",Hay site,14,3,15,Maireana aphylla,Maireana aphylla,1,10
46,Australia,"Eldridge, David",Hay site,14,3,15,Open,No species present,0,0
46,Australia,"Eldridge, David",Hay site,14,3,16,Maireana aphylla,Einadia nutans,1,0.5
46,Australia,"Eldridge, David",Hay site,14,3,16,Open,No species present,0,0
46,Australia,"Eldridge, David",Hay site,14,3,17,Maireana aphylla,Sclerolaena diacantha,1,0.5
46,Australia,"Eldridge, David",Hay site,14,3,17,Open,No species present,0,0
46,Australia,"Eldridge, David",Hay site,14,3,18,Maireana aphylla,No species present,0,0
46,Australia,"Eldridge, David",Hay site,14,3,18,Open,Sclerolaena diacantha,1,3
46,Australia,"Eldridge, David",Hay site,14,3,18,Open,Paspalidium constrictum,1,1
46,Australia,"Eldridge, David",Hay site,14,3,19,Maireana aphylla,Sclerolaena diacantha,1,1
46,Australia,"Eldridge, David",Hay site,14,3,19,Maireana aphylla,Atriplex vesicaria,3,15
46,Australia,"Eldridge, David",Hay site,14,3,19,Open,No species present,0,0
46,Australia,"Eldridge, David",Hay site,14,3,20,Maireana aphylla,Paspalidium constrictum,2,3
46,Australia,"Eldridge, David",Hay site,14,3,20,Open,No species present,0,0
46,Australia,"Eldridge, David",Hay site,14,3,21,Maireana aphylla,Paspalidium constrictum,1,1
46,Australia,"Eldridge, David",Hay site,14,3,21,Maireana aphylla,Sclerolaena diacantha,1,1
46,Australia,"Eldridge, David",Hay site,14,3,21,Maireana aphylla,Atriplex vesicaria,1,0.5
46,Australia,"Eldridge, David",Hay site,14,3,21,Open,Paspalidium constrictum,2,3
46,Australia,"Eldridge, David",Hay site,14,3,22,Maireana aphylla,No species present,0,0
46,Australia,"Eldridge, David",Hay site,14,3,22,Open,Paspalidium constrictum,1,0.5
46,Australia,"Eldridge, David",Hay site,14,3,23,Maireana aphylla,Paspalidium constrictum,1,0.5
46,Australia,"Eldridge, David",Hay site,14,3,23,Open,Paspalidium constrictum,1,0.5
46,Australia,"Eldridge, David",Hay site,14,3,24,Maireana aphylla,Atriplex vesicaria,1,0.5
46,Australia,"Eldridge, David",Hay site,14,3,24,Maireana aphylla,Paspalidium constrictum,1,2
46,Australia,"Eldridge, David",Hay site,14,3,24,Open,No species present,0,0
46,Australia,"Eldridge, David",Hay site,14,3,25,Maireana aphylla,Atriplex vesicaria,1,0.5
46,Australia,"Eldridge, David",Hay site,14,3,25,Open,No species present,0,0
44,Australia,"Eldridge, David",Hay site,14,1,1,Maireana aphylla,No species present,0,0
44,Australia,"Eldridge, David",Hay site,14,1,1,Open,No species present,0,0
44,Australia,"Eldridge, David",Hay site,14,1,2,Maireana aphylla,No species present,0,0
44,Australia,"Eldridge, David",Hay site,14,1,2,Open,No species present,0,0
44,Australia,"Eldridge, David",Hay site,14,1,3,Maireana aphylla,No species present,0,0
44,Australia,"Eldridge, David",Hay site,14,1,3,Open,No species present,0,0
44,Australia,"Eldridge, David",Hay site,14,1,4,Maireana aphylla,No species present,0,0
44,Australia,"Eldridge, David",Hay site,14,1,4,Open,No species present,0,0
44,Australia,"Eldridge, David",Hay site,14,1,5,Maireana aphylla,No species present,0,0
44,Australia,"Eldridge, David",Hay site,14,1,5,Open,No species present,0,0
44,Australia,"Eldridge, David",Hay site,14,1,6,Maireana aphylla,No species present,0,0
44,Australia,"Eldridge, David",Hay site,14,1,6,Open,No species present,0,0
44,Australia,"Eldridge, David",Hay site,14,1,7,Maireana aphylla,No species present,0,0
44,Australia,"Eldridge, David",Hay site,14,1,7,Open,No species present,0,0
44,Australia,"Eldridge, David",Hay site,14,1,8,Maireana aphylla,No species present,0,0
44,Australia,"Eldridge, David",Hay site,14,1,8,Open,No species present,0,0
44,Australia,"Eldridge, David",Hay site,14,1,9,Maireana aphylla,No species present,0,0
44,Australia,"Eldridge, David",Hay site,14,1,9,Open,No species present,0,0
44,Australia,"Eldridge, David",Hay site,14,1,10,Maireana aphylla,No species present,0,0
44,Australia,"Eldridge, David",Hay site,14,1,10,Open,No species present,0,0
44,Australia,"Eldridge, David",Hay site,14,1,11,Maireana aphylla,No species present,0,0
44,Australia,"Eldridge, David",Hay site,14,1,11,Open,No species present,0,0
44,Australia,"Eldridge, David",Hay site,14,1,12,Maireana aphylla,No species present,0,0
44,Australia,"Eldridge, David",Hay site,14,1,12,Open,No species present,0,0
44,Australia,"Eldridge, David",Hay site,14,1,13,Maireana aphylla,No species present,0,0
44,Australia,"Eldridge, David",Hay site,14,1,13,Open,No species present,0,0
44,Australia,"Eldridge, David",Hay site,14,1,14,Maireana aphylla,No species present,0,0
44,Australia,"Eldridge, David",Hay site,14,1,14,Open,Sclerolaena diacantha,1,2
44,Australia,"Eldridge, David",Hay site,14,1,15,Maireana aphylla,No species present,0,0
44,Australia,"Eldridge, David",Hay site,14,1,15,Open,No species present,0,0
44,Australia,"Eldridge, David",Hay site,14,1,16,Maireana aphylla,No species present,0,0
44,Australia,"Eldridge, David",Hay site,14,1,16,Open,No species present,0,0
44,Australia,"Eldridge, David",Hay site,14,1,17,Maireana aphylla,No species present,0,0
44,Australia,"Eldridge, David",Hay site,14,1,17,Open,No species present,0,0
44,Australia,"Eldridge, David",Hay site,14,1,18,Maireana aphylla,No species present,0,0
44,Australia,"Eldridge, David",Hay site,14,1,18,Open,No species present,0,0
44,Australia,"Eldridge, David",Hay site,14,1,19,Maireana aphylla,No species present,0,0
44,Australia,"Eldridge, David",Hay site,14,1,19,Open,No species present,0,0
44,Australia,"Eldridge, David",Hay site,14,1,20,Maireana aphylla,No species present,0,0
44,Australia,"Eldridge, David",Hay site,14,1,20,Open,No species present,0,0
44,Australia,"Eldridge, David",Hay site,14,1,21,Maireana aphylla,No species present,0,0
44,Australia,"Eldridge, David",Hay site,14,1,21,Open,No species present,0,0
44,Australia,"Eldridge, David",Hay site,14,1,22,Maireana aphylla,No species present,0,0
44,Australia,"Eldridge, David",Hay site,14,1,22,Open,No species present,0,0
44,Australia,"Eldridge, David",Hay site,14,1,23,Maireana aphylla,No species present,0,0
44,Australia,"Eldridge, David",Hay site,14,1,23,Open,No species present,0,0
44,Australia,"Eldridge, David",Hay site,14,1,24,Maireana aphylla,No species present,0,0
44,Australia,"Eldridge, David",Hay site,14,1,24,Open,No species present,0,0
44,Australia,"Eldridge, David",Hay site,14,1,25,Maireana aphylla,No species present,0,0
44,Australia,"Eldridge, David",Hay site,14,1,25,Open,No species present,0,0
44,Australia,"Eldridge, David",Hay site,14,1,1,Nitraria billardieri,Nitraria billardieri,2,0.5
44,Australia,"Eldridge, David",Hay site,14,1,1,Open,No species present,0,0
44,Australia,"Eldridge, David",Hay site,14,1,2,Nitraria billardieri,Sclerolaena muricata var. muricata,1,0.5
44,Australia,"Eldridge, David",Hay site,14,1,2,Open,No species present,0,0
44,Australia,"Eldridge, David",Hay site,14,1,3,Nitraria billardieri,Einadia nutans,1,0.5
44,Australia,"Eldridge, David",Hay site,14,1,3,Open,No species present,0,0
44,Australia,"Eldridge, David",Hay site,14,1,4,Nitraria billardieri,No species present,0,0
44,Australia,"Eldridge, David",Hay site,14,1,4,Open,No species present,0,0
44,Australia,"Eldridge, David",Hay site,14,1,5,Nitraria billardieri,No species present,0,0
44,Australia,"Eldridge, David",Hay site,14,1,5,Open,No species present,0,0
44,Australia,"Eldridge, David",Hay site,14,1,6,Nitraria billardieri,No species present,0,0
44,Australia,"Eldridge, David",Hay site,14,1,6,Open,No species present,0,0
44,Australia,"Eldridge, David",Hay site,14,1,7,Nitraria billardieri,No species present,0,0
44,Australia,"Eldridge, David",Hay site,14,1,7,Open,No species present,0,0
44,Australia,"Eldridge, David",Hay site,14,1,8,Nitraria billardieri,Maireana aphylla,1,20
44,Australia,"Eldridge, David",Hay site,14,1,8,Open,No species present,0,0
44,Australia,"Eldridge, David",Hay site,14,1,9,Nitraria billardieri,Maireana aphylla,1,10
44,Australia,"Eldridge, David",Hay site,14,1,9,Open,No species present,0,0
44,Australia,"Eldridge, David",Hay site,14,1,10,Nitraria billardieri,No species present,0,0
44,Australia,"Eldridge, David",Hay site,14,1,10,Open,No species present,0,0
44,Australia,"Eldridge, David",Hay site,14,1,11,Nitraria billardieri,No species present,0,0
44,Australia,"Eldridge, David",Hay site,14,1,11,Open,No species present,0,0
44,Australia,"Eldridge, David",Hay site,14,1,12,Nitraria billardieri,Paspalidium constrictum,1,3
44,Australia,"Eldridge, David",Hay site,14,1,12,Nitraria billardieri,Einadia nutans,1,7
44,Australia,"Eldridge, David",Hay site,14,1,12,Open,No species present,0,0
44,Australia,"Eldridge, David",Hay site,14,1,13,Nitraria billardieri,No species present,0,0
44,Australia,"Eldridge, David",Hay site,14,1,13,Open,No species present,0,0
44,Australia,"Eldridge, David",Hay site,14,1,14,Nitraria billardieri,Sclerolaena brachyptera,1,0.5
44,Australia,"Eldridge, David",Hay site,14,1,14,Open,No species present,0,0
44,Australia,"Eldridge, David",Hay site,14,1,15,Nitraria billardieri,Paspalidium constrictum,1,2
44,Australia,"Eldridge, David",Hay site,14,1,15,Open,No species present,0,0
44,Australia,"Eldridge, David",Hay site,14,1,16,Nitraria billardieri,No species present,0,0
44,Australia,"Eldridge, David",Hay site,14,1,16,Open,No species present,0,0
44,Australia,"Eldridge, David",Hay site,14,1,17,Nitraria billardieri,Sclerolaena brachyptera,1,0.5
44,Australia,"Eldridge, David",Hay site,14,1,17,Nitraria billardieri,Atriplex vesicaria,1,0.5
44,Australia,"Eldridge, David",Hay site,14,1,17,Open,No species present,0,0
44,Australia,"Eldridge, David",Hay site,14,1,18,Nitraria billardieri,No species present,0,0
44,Australia,"Eldridge, David",Hay site,14,1,18,Open,No species present,0,0
44,Australia,"Eldridge, David",Hay site,14,1,19,Nitraria billardieri,No species present,0,0
44,Australia,"Eldridge, David",Hay site,14,1,19,Open,No species present,0,0
44,Australia,"Eldridge, David",Hay site,14,1,20,Nitraria billardieri,Maireana aphylla,1,25
44,Australia,"Eldridge, David",Hay site,14,1,20,Open,No species present,0,0
44,Australia,"Eldridge, David",Hay site,14,1,21,Nitraria billardieri,No species present,0,0
44,Australia,"Eldridge, David",Hay site,14,1,21,Open,No species present,0,0
44,Australia,"Eldridge, David",Hay site,14,1,22,Nitraria billardieri,No species present,0,0
44,Australia,"Eldridge, David",Hay site,14,1,22,Open,No species present,0,0
44,Australia,"Eldridge, David",Hay site,14,1,23,Nitraria billardieri,Einadia nutans,1,5
44,Australia,"Eldridge, David",Hay site,14,1,23,Open,No species present,0,0
44,Australia,"Eldridge, David",Hay site,14,1,24,Nitraria billardieri,No species present,0,0
44,Australia,"Eldridge, David",Hay site,14,1,24,Open,No species present,0,0
44,Australia,"Eldridge, David",Hay site,14,1,25,Nitraria billardieri,No species present,0,0
44,Australia,"Eldridge, David",Hay site,14,1,25,Open,No species present,0,0
48,Australia,"Eldridge, David",Nyngam,15,1,1,Atriplex vesicaria,No species present,0,0
48,Australia,"Eldridge, David",Nyngam,15,1,1,Open,Enteropogon acicularis,3,5
48,Australia,"Eldridge, David",Nyngam,15,1,2,Atriplex vesicaria,Enteropogon acicularis,2,15
48,Australia,"Eldridge, David",Nyngam,15,1,2,Open,No species present,0,0
48,Australia,"Eldridge, David",Nyngam,15,1,3,Atriplex vesicaria,Enteropogon acicularis,3,20
48,Australia,"Eldridge, David",Nyngam,15,1,3,Open,No species present,0,0
48,Australia,"Eldridge, David",Nyngam,15,1,4,Atriplex vesicaria,No species present,0,0
48,Australia,"Eldridge, David",Nyngam,15,1,4,Open,No species present,0,0
48,Australia,"Eldridge, David",Nyngam,15,1,5,Atriplex vesicaria,Atriplex vesicaria,1,0.5
48,Australia,"Eldridge, David",Nyngam,15,1,5,Open,No species present,0,0
48,Australia,"Eldridge, David",Nyngam,15,1,6,Atriplex vesicaria,No species present,0,0
48,Australia,"Eldridge, David",Nyngam,15,1,6,Open,No species present,0,0
48,Australia,"Eldridge, David",Nyngam,15,1,7,Atriplex vesicaria,Enteropogon acicularis,3,15
48,Australia,"Eldridge, David",Nyngam,15,1,7,Atriplex vesicaria,Cyperus sp.,1,0.5
48,Australia,"Eldridge, David",Nyngam,15,1,7,Open,Enchylaena tomentosa,1,5
48,Australia,"Eldridge, David",Nyngam,15,1,7,Open,Enteropogon acicularis,4,15
48,Australia,"Eldridge, David",Nyngam,15,1,8,Atriplex vesicaria,No species present,0,0
48,Australia,"Eldridge, David",Nyngam,15,1,8,Open,Enchylaena tomentosa,1,2
48,Australia,"Eldridge, David",Nyngam,15,1,8,Open,Enteropogon acicularis,1,2
48,Australia,"Eldridge, David",Nyngam,15,1,9,Atriplex vesicaria,Enteropogon acicularis,4,15
48,Australia,"Eldridge, David",Nyngam,15,1,9,Open,Enteropogon acicularis,3,10
48,Australia,"Eldridge, David",Nyngam,15,1,10,Atriplex vesicaria,Enteropogon acicularis,3,10
48,Australia,"Eldridge, David",Nyngam,15,1,10,Open,No species present,0,0
48,Australia,"Eldridge, David",Nyngam,15,1,11,Atriplex vesicaria,Enteropogon acicularis,7,20
48,Australia,"Eldridge, David",Nyngam,15,1,11,Open,No species present,0,0
48,Australia,"Eldridge, David",Nyngam,15,1,12,Atriplex vesicaria,Enteropogon acicularis,2,10
48,Australia,"Eldridge, David",Nyngam,15,1,12,Open,Enteropogon acicularis,1,2
48,Australia,"Eldridge, David",Nyngam,15,1,13,Atriplex vesicaria,Enteropogon acicularis,5,10
48,Australia,"Eldridge, David",Nyngam,15,1,13,Open,Enteropogon acicularis,2,5
48,Australia,"Eldridge, David",Nyngam,15,1,14,Atriplex vesicaria,Enteropogon acicularis,1,3
48,Australia,"Eldridge, David",Nyngam,15,1,14,Open,Enteropogon acicularis,1,2
48,Australia,"Eldridge, David",Nyngam,15,1,15,Atriplex vesicaria,Enteropogon acicularis,7,10
48,Australia,"Eldridge, David",Nyngam,15,1,15,Open,Enteropogon acicularis,3,5
48,Australia,"Eldridge, David",Nyngam,15,1,16,Atriplex vesicaria,Enteropogon acicularis,9,12
48,Australia,"Eldridge, David",Nyngam,15,1,16,Open,Enteropogon acicularis,3,5
48,Australia,"Eldridge, David",Nyngam,15,1,17,Atriplex vesicaria,No species present,0,0
48,Australia,"Eldridge, David",Nyngam,15,1,17,Open,Enteropogon acicularis,1,5
48,Australia,"Eldridge, David",Nyngam,15,1,18,Atriplex vesicaria,Enteropogon acicularis,6,10
48,Australia,"Eldridge, David",Nyngam,15,1,18,Open,Enteropogon acicularis,1,2
48,Australia,"Eldridge, David",Nyngam,15,1,19,Atriplex vesicaria,Enteropogon acicularis,2,5
48,Australia,"Eldridge, David",Nyngam,15,1,19,Open,No species present,0,0
48,Australia,"Eldridge, David",Nyngam,15,1,20,Atriplex vesicaria,Enteropogon acicularis,6,10
48,Australia,"Eldridge, David",Nyngam,15,1,20,Open,No species present,0,0
48,Australia,"Eldridge, David",Nyngam,15,1,21,Atriplex vesicaria,No species present,0,0
48,Australia,"Eldridge, David",Nyngam,15,1,21,Open,Enteropogon acicularis,1,2
48,Australia,"Eldridge, David",Nyngam,15,1,22,Atriplex vesicaria,Enteropogon acicularis,3,10
48,Australia,"Eldridge, David",Nyngam,15,1,22,Open,Enteropogon acicularis,6,3
48,Australia,"Eldridge, David",Nyngam,15,1,23,Atriplex vesicaria,Enteropogon acicularis,2,5
48,Australia,"Eldridge, David",Nyngam,15,1,23,Open,Enteropogon acicularis,6,15
48,Australia,"Eldridge, David",Nyngam,15,1,24,Atriplex vesicaria,Enteropogon acicularis,5,25
48,Australia,"Eldridge, David",Nyngam,15,1,24,Open,Enteropogon acicularis,1,2
48,Australia,"Eldridge, David",Nyngam,15,1,24,Open,Enchylaena tomentosa,1,2
48,Australia,"Eldridge, David",Nyngam,15,1,25,Atriplex vesicaria,Enteropogon acicularis,2,7
48,Australia,"Eldridge, David",Nyngam,15,1,25,Open,No species present,0,0
49,Australia,"Eldridge, David",Nyngam,15,2,1,Atriplex vesicaria,Enteropogon acicularis,2,5
49,Australia,"Eldridge, David",Nyngam,15,2,1,Atriplex vesicaria,Paspalidium constrictum,1,0.5
49,Australia,"Eldridge, David",Nyngam,15,2,1,Interspace,Atriplex vesicaria,1,0.5
49,Australia,"Eldridge, David",Nyngam,15,2,2,Atriplex vesicaria,Atriplex vesicaria,1,0.5
49,Australia,"Eldridge, David",Nyngam,15,2,2,Interspace,No species present,0,0
49,Australia,"Eldridge, David",Nyngam,15,2,3,Atriplex vesicaria,Paspalidium constrictum,3,5
49,Australia,"Eldridge, David",Nyngam,15,2,3,Interspace,Sporobolus sp.,1,5
49,Australia,"Eldridge, David",Nyngam,15,2,4,Atriplex vesicaria,Paspalidium constrictum,1,3
49,Australia,"Eldridge, David",Nyngam,15,2,4,Atriplex vesicaria,Atriplex vesicaria,1,5
49,Australia,"Eldridge, David",Nyngam,15,2,4,Interspace,No species present,0,0
49,Australia,"Eldridge, David",Nyngam,15,2,5,Atriplex vesicaria,Sporobolus sp.,2,10
49,Australia,"Eldridge, David",Nyngam,15,2,5,Interspace,No species present,0,0
49,Australia,"Eldridge, David",Nyngam,15,2,6,Atriplex vesicaria,Enteropogon acicularis,1,15
49,Australia,"Eldridge, David",Nyngam,15,2,6,Interspace,No species present,0,0
49,Australia,"Eldridge, David",Nyngam,15,2,7,Atriplex vesicaria,No species present,0,0
49,Australia,"Eldridge, David",Nyngam,15,2,7,Interspace,No species present,0,0
49,Australia,"Eldridge, David",Nyngam,15,2,8,Atriplex vesicaria,Calandrinia eremaea,1,2
49,Australia,"Eldridge, David",Nyngam,15,2,8,Interspace,No species present,0,0
49,Australia,"Eldridge, David",Nyngam,15,2,9,Atriplex vesicaria,Portulaca oleracea,15,70
49,Australia,"Eldridge, David",Nyngam,15,2,9,Interspace,Atriplex vesicaria,2,0.5
49,Australia,"Eldridge, David",Nyngam,15,2,10,Atriplex vesicaria,Sporobolus sp.,2,5
49,Australia,"Eldridge, David",Nyngam,15,2,10,Interspace,Sporobolus sp.,1,1
49,Australia,"Eldridge, David",Nyngam,15,2,11,Atriplex vesicaria,No species present,0,0
49,Australia,"Eldridge, David",Nyngam,15,2,11,Interspace,No species present,0,0
49,Australia,"Eldridge, David",Nyngam,15,2,12,Atriplex vesicaria,Atriplex vesicaria,1,0.5
49,Australia,"Eldridge, David",Nyngam,15,2,12,Interspace,No species present,0,0
49,Australia,"Eldridge, David",Nyngam,15,2,13,Atriplex vesicaria,Portulaca oleracea,15,45
49,Australia,"Eldridge, David",Nyngam,15,2,13,Interspace,No species present,0,0
49,Australia,"Eldridge, David",Nyngam,15,2,14,Atriplex vesicaria,No species present,0,0
49,Australia,"Eldridge, David",Nyngam,15,2,14,Interspace,No species present,0,0
49,Australia,"Eldridge, David",Nyngam,15,2,15,Atriplex vesicaria,Portulaca oleracea,5,15
49,Australia,"Eldridge, David",Nyngam,15,2,15,Interspace,No species present,0,0
49,Australia,"Eldridge, David",Nyngam,15,2,16,Atriplex vesicaria,Atriplex vesicaria,3,1
49,Australia,"Eldridge, David",Nyngam,15,2,16,Interspace,No species present,0,0
49,Australia,"Eldridge, David",Nyngam,15,2,17,Atriplex vesicaria,No species present,0,0
49,Australia,"Eldridge, David",Nyngam,15,2,17,Interspace,No species present,0,0
49,Australia,"Eldridge, David",Nyngam,15,2,18,Atriplex vesicaria,No species present,0,0
49,Australia,"Eldridge, David",Nyngam,15,2,18,Interspace,Sporobolus sp.,1,3
49,Australia,"Eldridge, David",Nyngam,15,2,18,Interspace,Paspalidium constrictum,1,3
49,Australia,"Eldridge, David",Nyngam,15,2,19,Atriplex vesicaria,Portulaca oleracea,5,40
49,Australia,"Eldridge, David",Nyngam,15,2,19,Atriplex vesicaria,Paspalidium constrictum,1,5
49,Australia,"Eldridge, David",Nyngam,15,2,19,Atriplex vesicaria,Sporobolus sp.,1,5
49,Australia,"Eldridge, David",Nyngam,15,2,19,Interspace,No species present,0,0
49,Australia,"Eldridge, David",Nyngam,15,2,20,Atriplex vesicaria,Enteropogon acicularis,2,5
49,Australia,"Eldridge, David",Nyngam,15,2,20,Interspace,No species present,0,0
49,Australia,"Eldridge, David",Nyngam,15,2,21,Atriplex vesicaria,Paspalidium constrictum,1,5
49,Australia,"Eldridge, David",Nyngam,15,2,21,Interspace,Paspalidium constrictum,10,40
49,Australia,"Eldridge, David",Nyngam,15,2,22,Atriplex vesicaria,Enteropogon acicularis,3,15
49,Australia,"Eldridge, David",Nyngam,15,2,22,Atriplex vesicaria,Portulaca oleracea,5,20
49,Australia,"Eldridge, David",Nyngam,15,2,22,Interspace,Paspalidium constrictum,4,15
49,Australia,"Eldridge, David",Nyngam,15,2,23,Atriplex vesicaria,Enteropogon acicularis,5,45
49,Australia,"Eldridge, David",Nyngam,15,2,23,Interspace,No species present,0,0
49,Australia,"Eldridge, David",Nyngam,15,2,24,Atriplex vesicaria,Paspalidium constrictum,3,15
49,Australia,"Eldridge, David",Nyngam,15,2,24,Atriplex vesicaria,Enteropogon acicularis,2,20
49,Australia,"Eldridge, David",Nyngam,15,2,24,Interspace,Paspalidium constrictum,3,15
49,Australia,"Eldridge, David",Nyngam,15,2,25,Atriplex vesicaria,Portulaca oleracea,20,60
49,Australia,"Eldridge, David",Nyngam,15,2,25,Atriplex vesicaria,Enteropogon acicularis,2,5
49,Australia,"Eldridge, David",Nyngam,15,2,25,Interspace,Atriplex vesicaria,2,1
50,Australia,"Eldridge, David",Nyngam,15,3,1,Atriplex vesicaria,Enteropogon acicularis,1,2
50,Australia,"Eldridge, David",Nyngam,15,3,1,Open,Fimbristylis dichotoma,10,5
50,Australia,"Eldridge, David",Nyngam,15,3,2,Atriplex vesicaria,Enteropogon acicularis,1,5
50,Australia,"Eldridge, David",Nyngam,15,3,2,Open,Fimbristylis dichotoma,10,1
50,Australia,"Eldridge, David",Nyngam,15,3,3,Atriplex vesicaria,Cheilanthes sieberi,3,30
50,Australia,"Eldridge, David",Nyngam,15,3,3,Open,No species present,0,0
50,Australia,"Eldridge, David",Nyngam,15,3,4,Atriplex vesicaria,No species present,0,0
50,Australia,"Eldridge, David",Nyngam,15,3,4,Open,Fimbristylis dichotoma,15,20
50,Australia,"Eldridge, David",Nyngam,15,3,5,Atriplex vesicaria,No species present,0,0
50,Australia,"Eldridge, David",Nyngam,15,3,5,Open,No species present,0,0
50,Australia,"Eldridge, David",Nyngam,15,3,6,Atriplex vesicaria,Enteropogon acicularis,1,5
50,Australia,"Eldridge, David",Nyngam,15,3,6,Open,Fimbristylis dichotoma,2,3
50,Australia,"Eldridge, David",Nyngam,15,3,7,Atriplex vesicaria,Enteropogon acicularis,1,5
50,Australia,"Eldridge, David",Nyngam,15,3,7,Open,No species present,0,0
50,Australia,"Eldridge, David",Nyngam,15,3,8,Atriplex vesicaria,Enteropogon acicularis,3,30
50,Australia,"Eldridge, David",Nyngam,15,3,8,Open,No species present,0,0
50,Australia,"Eldridge, David",Nyngam,15,3,9,Atriplex vesicaria,Enteropogon acicularis,2,15
50,Australia,"Eldridge, David",Nyngam,15,3,9,Open,Fimbristylis dichotoma,3,5
50,Australia,"Eldridge, David",Nyngam,15,3,10,Atriplex vesicaria,No species present,0,0
50,Australia,"Eldridge, David",Nyngam,15,3,10,Open,No species present,0,0
50,Australia,"Eldridge, David",Nyngam,15,3,11,Atriplex vesicaria,No species present,0,0
50,Australia,"Eldridge, David",Nyngam,15,3,11,Open,Fimbristylis dichotoma,3,5
50,Australia,"Eldridge, David",Nyngam,15,3,12,Atriplex vesicaria,Enteropogon acicularis,2,10
50,Australia,"Eldridge, David",Nyngam,15,3,12,Open,Fimbristylis dichotoma,10,15
50,Australia,"Eldridge, David",Nyngam,15,3,13,Atriplex vesicaria,Opuntia aurantiaca,1,15
50,Australia,"Eldridge, David",Nyngam,15,3,13,Open,No species present,0,0
50,Australia,"Eldridge, David",Nyngam,15,3,14,Atriplex vesicaria,No species present,0,0
50,Australia,"Eldridge, David",Nyngam,15,3,14,Open,No species present,0,0
50,Australia,"Eldridge, David",Nyngam,15,3,15,Atriplex vesicaria,Cheilanthes sieberi,3,15
50,Australia,"Eldridge, David",Nyngam,15,3,15,Atriplex vesicaria,Portulaca oleracea,15,40
50,Australia,"Eldridge, David",Nyngam,15,3,15,Open,No species present,0,0
50,Australia,"Eldridge, David",Nyngam,15,3,16,Atriplex vesicaria,No species present,0,0
50,Australia,"Eldridge, David",Nyngam,15,3,16,Open,No species present,0,0
50,Australia,"Eldridge, David",Nyngam,15,3,17,Atriplex vesicaria,Enteropogon acicularis,2,20
50,Australia,"Eldridge, David",Nyngam,15,3,17,Open,Fimbristylis dichotoma,10,20
50,Australia,"Eldridge, David",Nyngam,15,3,18,Atriplex vesicaria,Cheilanthes sieberi,3,10
50,Australia,"Eldridge, David",Nyngam,15,3,18,Atriplex vesicaria,Enteropogon acicularis,3,25
50,Australia,"Eldridge, David",Nyngam,15,3,18,Open,Fimbristylis dichotoma,5,15
50,Australia,"Eldridge, David",Nyngam,15,3,19,Atriplex vesicaria,Enteropogon acicularis,5,50
50,Australia,"Eldridge, David",Nyngam,15,3,19,Open,Fimbristylis dichotoma,5,15
50,Australia,"Eldridge, David",Nyngam,15,3,20,Atriplex vesicaria,Enteropogon acicularis,3,30
50,Australia,"Eldridge, David",Nyngam,15,3,20,Open,Fimbristylis dichotoma,4,5
50,Australia,"Eldridge, David",Nyngam,15,3,21,Atriplex vesicaria,Enteropogon acicularis,3,70
50,Australia,"Eldridge, David",Nyngam,15,3,21,Open,Fimbristylis dichotoma,10,12
50,Australia,"Eldridge, David",Nyngam,15,3,22,Atriplex vesicaria,Enteropogon acicularis,3,35
50,Australia,"Eldridge, David",Nyngam,15,3,22,Open,Enteropogon acicularis,1,10
50,Australia,"Eldridge, David",Nyngam,15,3,22,Open,Fimbristylis dichotoma,5,10
50,Australia,"Eldridge, David",Nyngam,15,3,23,Atriplex vesicaria,Enteropogon acicularis,3,25
50,Australia,"Eldridge, David",Nyngam,15,3,23,Open,Fimbristylis dichotoma,5,10
50,Australia,"Eldridge, David",Nyngam,15,3,24,Atriplex vesicaria,Enteropogon acicularis,2,15
50,Australia,"Eldridge, David",Nyngam,15,3,24,Open,Fimbristylis dichotoma,5,1
50,Australia,"Eldridge, David",Nyngam,15,3,25,Atriplex vesicaria,Enteropogon acicularis,5,45
50,Australia,"Eldridge, David",Nyngam,15,3,25,Open,Fimbristylis dichotoma,6,20
43,Australia,"Eldridge, David",Fowlers,13,4,1,Atriplex vesicaria,Minuria cunninghamii,1,15
43,Australia,"Eldridge, David",Fowlers,13,4,1,Open,Sclerolaena diacantha,2,5
43,Australia,"Eldridge, David",Fowlers,13,4,1,Open,Sclerolaena brachyptera,7,10
43,Australia,"Eldridge, David",Fowlers,13,4,2,Atriplex vesicaria,Minuria cunninghamii,1,15
43,Australia,"Eldridge, David",Fowlers,13,4,2,Open,Enteropogon acicularis,1,5
43,Australia,"Eldridge, David",Fowlers,13,4,3,Atriplex vesicaria,Atriplex vesicaria,1,0.5
43,Australia,"Eldridge, David",Fowlers,13,4,3,Open,Sclerolaena brachyptera,1,3
43,Australia,"Eldridge, David",Fowlers,13,4,4,Atriplex vesicaria,Enteropogon acicularis,1,0.5
43,Australia,"Eldridge, David",Fowlers,13,4,4,Open,Sclerolaena brachyptera,1,7
43,Australia,"Eldridge, David",Fowlers,13,4,4,Open,Sclerolaena ventricosa,2,40
43,Australia,"Eldridge, David",Fowlers,13,4,5,Atriplex vesicaria,Sclerolaena brachyptera,1,1
43,Australia,"Eldridge, David",Fowlers,13,4,5,Open,No species present,0,0
43,Australia,"Eldridge, David",Fowlers,13,4,6,Atriplex vesicaria,Sida ,1,0.5
43,Australia,"Eldridge, David",Fowlers,13,4,6,Open,Eragrostis setifolia,1,0.5
43,Australia,"Eldridge, David",Fowlers,13,4,7,Atriplex vesicaria,Atriplex vesicaria,2,0.5
43,Australia,"Eldridge, David",Fowlers,13,4,7,Open,Sclerolaena diacantha,1,0.5
43,Australia,"Eldridge, David",Fowlers,13,4,7,Open,Eragrostis setifolia,2,0.5
43,Australia,"Eldridge, David",Fowlers,13,4,8,Atriplex vesicaria,Enteropogon acicularis,1,3
43,Australia,"Eldridge, David",Fowlers,13,4,8,Atriplex vesicaria,Atriplex vesicaria,1,0.5
43,Australia,"Eldridge, David",Fowlers,13,4,8,Open,Enteropogon acicularis,1,10
43,Australia,"Eldridge, David",Fowlers,13,4,9,Atriplex vesicaria,No species present,0,0
43,Australia,"Eldridge, David",Fowlers,13,4,9,Open,No species present,0,0
43,Australia,"Eldridge, David",Fowlers,13,4,10,Atriplex vesicaria,No species present,0,0
43,Australia,"Eldridge, David",Fowlers,13,4,10,Open,Sclerolaena brachyptera,1,0.5
43,Australia,"Eldridge, David",Fowlers,13,4,11,Atriplex vesicaria,No species present,0,0
43,Australia,"Eldridge, David",Fowlers,13,4,11,Open,Atriplex vesicaria,1,0.5
43,Australia,"Eldridge, David",Fowlers,13,4,11,Open,Sclerolaena brachyptera,5,5
43,Australia,"Eldridge, David",Fowlers,13,4,11,Open,Sclerolaena diacantha,3,1
43,Australia,"Eldridge, David",Fowlers,13,4,11,Open,Sclerolaena ventricosa,2,0.5
43,Australia,"Eldridge, David",Fowlers,13,4,12,Atriplex vesicaria,Atriplex vesicaria,6,15
43,Australia,"Eldridge, David",Fowlers,13,4,12,Atriplex vesicaria,Minuria cunninghamii,1,2
43,Australia,"Eldridge, David",Fowlers,13,4,12,Atriplex vesicaria,Sida ,2,0.5
43,Australia,"Eldridge, David",Fowlers,13,4,12,Atriplex vesicaria,Sclerolaena brachyptera,1,0.5
43,Australia,"Eldridge, David",Fowlers,13,4,12,Open,Sclerolaena diacantha,2,1
43,Australia,"Eldridge, David",Fowlers,13,4,12,Open,Minuria cunninghamii,1,0.5
43,Australia,"Eldridge, David",Fowlers,13,4,13,Atriplex vesicaria,Atriplex vesicaria,1,10
43,Australia,"Eldridge, David",Fowlers,13,4,13,Open,Sclerolaena brachyptera,4,7
43,Australia,"Eldridge, David",Fowlers,13,4,13,Open,Sclerolaena ventricosa,1,0.5
43,Australia,"Eldridge, David",Fowlers,13,4,14,Atriplex vesicaria,Atriplex vesicaria,2,0.5
43,Australia,"Eldridge, David",Fowlers,13,4,14,Open,No species present,0,0
43,Australia,"Eldridge, David",Fowlers,13,4,15,Atriplex vesicaria,Sclerolaena ventricosa,1,5
43,Australia,"Eldridge, David",Fowlers,13,4,15,Open,Sida ,3,1
43,Australia,"Eldridge, David",Fowlers,13,4,16,Atriplex vesicaria,Atriplex vesicaria,2,0.5
43,Australia,"Eldridge, David",Fowlers,13,4,16,Open,Eragrostis setifolia,16,10
43,Australia,"Eldridge, David",Fowlers,13,4,17,Atriplex vesicaria,Tripogon loliiformis,6,1
43,Australia,"Eldridge, David",Fowlers,13,4,17,Open,Tripogon loliiformis,8,1
43,Australia,"Eldridge, David",Fowlers,13,4,18,Atriplex vesicaria,No species present,0,0
43,Australia,"Eldridge, David",Fowlers,13,4,18,Open,Enteropogon acicularis,1,1
43,Australia,"Eldridge, David",Fowlers,13,4,18,Open,Sclerolaena diacantha,2,0.5
43,Australia,"Eldridge, David",Fowlers,13,4,19,Atriplex vesicaria,Atriplex vesicaria,1,0.5
43,Australia,"Eldridge, David",Fowlers,13,4,19,Open,Sclerolaena brachyptera,1,0.5
43,Australia,"Eldridge, David",Fowlers,13,4,20,Atriplex vesicaria,Sida ,1,0.5
43,Australia,"Eldridge, David",Fowlers,13,4,20,Atriplex vesicaria,Atriplex vesicaria,1,0.5
43,Australia,"Eldridge, David",Fowlers,13,4,20,Open,Sida ,1,0.5
43,Australia,"Eldridge, David",Fowlers,13,4,20,Open,Sclerolaena brachyptera,2,0.5
43,Australia,"Eldridge, David",Fowlers,13,4,20,Open,Enteropogon acicularis,1,1
43,Australia,"Eldridge, David",Fowlers,13,4,21,Atriplex vesicaria,Minuria cunninghamii,1,20
43,Australia,"Eldridge, David",Fowlers,13,4,21,Atriplex vesicaria,Tripogon loliiformis,1,0.5
43,Australia,"Eldridge, David",Fowlers,13,4,21,Open,Tripogon loliiformis,14,10
43,Australia,"Eldridge, David",Fowlers,13,4,22,Atriplex vesicaria,Atriplex vesicaria,1,0.5
43,Australia,"Eldridge, David",Fowlers,13,4,22,Open,Sclerolaena ventricosa,3,15
43,Australia,"Eldridge, David",Fowlers,13,4,22,Open,Tripogon loliiformis,2,0.5
43,Australia,"Eldridge, David",Fowlers,13,4,22,Open,Enteropogon acicularis,1,3
43,Australia,"Eldridge, David",Fowlers,13,4,23,Atriplex vesicaria,Atriplex vesicaria,1,1
43,Australia,"Eldridge, David",Fowlers,13,4,23,Atriplex vesicaria,Eragrostis setifolia,1,1
43,Australia,"Eldridge, David",Fowlers,13,4,23,Open,Sclerolaena ventricosa,7,20
43,Australia,"Eldridge, David",Fowlers,13,4,23,Open,Sida ,3,1
43,Australia,"Eldridge, David",Fowlers,13,4,24,Atriplex vesicaria,Enteropogon acicularis,1,1
43,Australia,"Eldridge, David",Fowlers,13,4,24,Atriplex vesicaria,Atriplex vesicaria,1,0.5
43,Australia,"Eldridge, David",Fowlers,13,4,24,Atriplex vesicaria,Maireana turbinata,1,1
43,Australia,"Eldridge, David",Fowlers,13,4,24,Open,Sclerolaena ventricosa,1,1
43,Australia,"Eldridge, David",Fowlers,13,4,24,Open,Eragrostis setifolia,1,0.5
43,Australia,"Eldridge, David",Fowlers,13,4,25,Atriplex vesicaria,Atriplex vesicaria,1,0.5
43,Australia,"Eldridge, David",Fowlers,13,4,25,Open,Sclerolaena brachyptera,1,2
43,Australia,"Eldridge, David",Fowlers,13,4,25,Open,Sclerolaena ventricosa,1,3
43,Australia,"Eldridge, David",Fowlers,13,4,25,Open,Eragrostis setifolia,6,5
42,Australia,"Eldridge, David",Fowlers,13,3,1,Atriplex vesicaria,Sclerolaena brachyptera,4,5
42,Australia,"Eldridge, David",Fowlers,13,3,1,Atriplex vesicaria,Sida ,1,0.5
42,Australia,"Eldridge, David",Fowlers,13,3,1,Open,Sclerolaena brachyptera,12,5
42,Australia,"Eldridge, David",Fowlers,13,3,1,Open,Sclerolaena eriacantha,1,1
42,Australia,"Eldridge, David",Fowlers,13,3,2,Atriplex vesicaria,Sclerolaena brachyptera,1,0.5
42,Australia,"Eldridge, David",Fowlers,13,3,2,Atriplex vesicaria,Sida ,2,0.5
42,Australia,"Eldridge, David",Fowlers,13,3,2,Open,Sida ,3,1
42,Australia,"Eldridge, David",Fowlers,13,3,2,Open,Lotus cruentus,2,0.5
42,Australia,"Eldridge, David",Fowlers,13,3,3,Atriplex vesicaria,Sida ,1,0.5
42,Australia,"Eldridge, David",Fowlers,13,3,3,Atriplex vesicaria,Lotus cruentus,1,0.5
42,Australia,"Eldridge, David",Fowlers,13,3,3,Open,Sclerolaena brachyptera,13,20
42,Australia,"Eldridge, David",Fowlers,13,3,3,Open,Lotus cruentus,4,2
42,Australia,"Eldridge, David",Fowlers,13,3,3,Open,Eragrostis setifolia,1,3
42,Australia,"Eldridge, David",Fowlers,13,3,3,Open,Sclerolaena lanicuspis,1,2
42,Australia,"Eldridge, David",Fowlers,13,3,4,Atriplex vesicaria,Sclerolaena brachyptera,1,1
42,Australia,"Eldridge, David",Fowlers,13,3,4,Atriplex vesicaria,Atriplex vesicaria,1,0.5
42,Australia,"Eldridge, David",Fowlers,13,3,4,Open,Sclerolaena brachyptera,20,12
42,Australia,"Eldridge, David",Fowlers,13,3,5,Atriplex vesicaria,Eragrostis setifolia,4,5
42,Australia,"Eldridge, David",Fowlers,13,3,5,Open,Eragrostis setifolia,3,20
42,Australia,"Eldridge, David",Fowlers,13,3,5,Open,Lotus cruentus,4,0.5
42,Australia,"Eldridge, David",Fowlers,13,3,6,Atriplex vesicaria,Lotus cruentus,1,0.5
42,Australia,"Eldridge, David",Fowlers,13,3,6,Atriplex vesicaria,Atriplex vesicaria,2,5
42,Australia,"Eldridge, David",Fowlers,13,3,6,Open,Sclerolaena brachyptera,7,20
42,Australia,"Eldridge, David",Fowlers,13,3,6,Open,Lotus cruentus,4,1
42,Australia,"Eldridge, David",Fowlers,13,3,6,Open,Eragrostis setifolia,2,3
42,Australia,"Eldridge, David",Fowlers,13,3,6,Open,Sclerolaena diacantha,1,0.5
42,Australia,"Eldridge, David",Fowlers,13,3,7,Atriplex vesicaria,Lotus cruentus,12,3
42,Australia,"Eldridge, David",Fowlers,13,3,7,Atriplex vesicaria,Sclerolaena brachyptera,3,10
42,Australia,"Eldridge, David",Fowlers,13,3,7,Atriplex vesicaria,Eragrostis setifolia,1,0.5
42,Australia,"Eldridge, David",Fowlers,13,3,7,Open,Sclerolaena brachyptera,15,15
42,Australia,"Eldridge, David",Fowlers,13,3,8,Atriplex vesicaria,Sclerolaena brachyptera,4,3
42,Australia,"Eldridge, David",Fowlers,13,3,8,Atriplex vesicaria,Sclerolaena ventricosa,1,1
42,Australia,"Eldridge, David",Fowlers,13,3,8,Atriplex vesicaria,Lotus cruentus,3,0.5
42,Australia,"Eldridge, David",Fowlers,13,3,8,Atriplex vesicaria,Atriplex vesicaria,1,0.5
42,Australia,"Eldridge, David",Fowlers,13,3,8,Open,Sclerolaena brachyptera,10,15
42,Australia,"Eldridge, David",Fowlers,13,3,8,Open,Sclerolaena divaricata,2,5
42,Australia,"Eldridge, David",Fowlers,13,3,8,Open,Eragrostis setifolia,1,0.5
42,Australia,"Eldridge, David",Fowlers,13,3,9,Atriplex vesicaria,Lotus cruentus,10,0.5
42,Australia,"Eldridge, David",Fowlers,13,3,9,Open,Atriplex vesicaria,1,5
42,Australia,"Eldridge, David",Fowlers,13,3,9,Open,Lotus cruentus,1,0.5
42,Australia,"Eldridge, David",Fowlers,13,3,9,Open,Sclerolaena ventricosa,5,20
42,Australia,"Eldridge, David",Fowlers,13,3,9,Open,Sclerolaena divaricata,2,10
42,Australia,"Eldridge, David",Fowlers,13,3,9,Open,Sclerolaena brachyptera,2,1
42,Australia,"Eldridge, David",Fowlers,13,3,10,Atriplex vesicaria,Sida ,2,0.5
42,Australia,"Eldridge, David",Fowlers,13,3,10,Open,Sclerolaena ventricosa,3,7
42,Australia,"Eldridge, David",Fowlers,13,3,11,Atriplex vesicaria,Sclerolaena brachyptera,1,1
42,Australia,"Eldridge, David",Fowlers,13,3,11,Open,Sclerolaena brachyptera,8,20
42,Australia,"Eldridge, David",Fowlers,13,3,11,Open,Sclerolaena ventricosa,3,5
42,Australia,"Eldridge, David",Fowlers,13,3,11,Open,Sclerolaena divaricata,1,1
42,Australia,"Eldridge, David",Fowlers,13,3,12,Atriplex vesicaria,Lotus cruentus,2,0.5
42,Australia,"Eldridge, David",Fowlers,13,3,12,Open,Sclerolaena brachyptera,4,7
42,Australia,"Eldridge, David",Fowlers,13,3,13,Atriplex vesicaria,Lotus cruentus,1,2
42,Australia,"Eldridge, David",Fowlers,13,3,13,Atriplex vesicaria,Sclerolaena brachyptera,2,5
42,Australia,"Eldridge, David",Fowlers,13,3,13,Open,Sclerolaena brachyptera,5,10
42,Australia,"Eldridge, David",Fowlers,13,3,13,Open,Lotus cruentus,2,0.5
42,Australia,"Eldridge, David",Fowlers,13,3,14,Atriplex vesicaria,Sclerolaena brachyptera,5,5
42,Australia,"Eldridge, David",Fowlers,13,3,14,Atriplex vesicaria,Sida ,1,0.5
42,Australia,"Eldridge, David",Fowlers,13,3,14,Open,Sclerolaena brachyptera,27,35
42,Australia,"Eldridge, David",Fowlers,13,3,14,Open,Lotus cruentus,1,0.5
42,Australia,"Eldridge, David",Fowlers,13,3,14,Open,Maireana ,1,0.5
42,Australia,"Eldridge, David",Fowlers,13,3,15,Atriplex vesicaria,Austrodanthonia caespitosa,3,0.5
42,Australia,"Eldridge, David",Fowlers,13,3,15,Atriplex vesicaria,Lotus cruentus,1,0.5
42,Australia,"Eldridge, David",Fowlers,13,3,15,Open,Sclerolaena brachyptera,12,5
42,Australia,"Eldridge, David",Fowlers,13,3,15,Open,Austrodanthonia caespitosa,2,0.5
42,Australia,"Eldridge, David",Fowlers,13,3,15,Open,Stipa scabra,2,0.5
42,Australia,"Eldridge, David",Fowlers,13,3,16,Atriplex vesicaria,Sida ,1,0.5
42,Australia,"Eldridge, David",Fowlers,13,3,16,Atriplex vesicaria,Eragrostis setifolia,2,1
42,Australia,"Eldridge, David",Fowlers,13,3,16,Open,Sclerolaena divaricata,1,5
42,Australia,"Eldridge, David",Fowlers,13,3,16,Open,Sclerolaena brachyptera,3,2
42,Australia,"Eldridge, David",Fowlers,13,3,16,Open,Lotus cruentus,2,0.5
42,Australia,"Eldridge, David",Fowlers,13,3,17,Atriplex vesicaria,Lotus cruentus,2,0.5
42,Australia,"Eldridge, David",Fowlers,13,3,17,Open,Atriplex vesicaria,1,5
42,Australia,"Eldridge, David",Fowlers,13,3,17,Open,Sclerolaena brachyptera,9,15
42,Australia,"Eldridge, David",Fowlers,13,3,17,Open,Sclerolaena ventricosa,5,10
42,Australia,"Eldridge, David",Fowlers,13,3,18,Atriplex vesicaria,Lotus cruentus,2,0.5
42,Australia,"Eldridge, David",Fowlers,13,3,18,Open,Sclerolaena brachyptera,4,10
42,Australia,"Eldridge, David",Fowlers,13,3,18,Open,Lotus cruentus,1,0.5
42,Australia,"Eldridge, David",Fowlers,13,3,18,Open,Sclerolaena ventricosa,10,10
42,Australia,"Eldridge, David",Fowlers,13,3,19,Atriplex vesicaria,Lotus cruentus,4,1
42,Australia,"Eldridge, David",Fowlers,13,3,19,Open,Sclerolaena lanicuspis,5,7
42,Australia,"Eldridge, David",Fowlers,13,3,19,Open,Sclerolaena brachyptera,3,5
42,Australia,"Eldridge, David",Fowlers,13,3,19,Open,Lotus cruentus,3,0.5
42,Australia,"Eldridge, David",Fowlers,13,3,20,Atriplex vesicaria,Eragrostis setifolia,2,3
42,Australia,"Eldridge, David",Fowlers,13,3,20,Atriplex vesicaria,Austrodanthonia caespitosa,1,0.5
42,Australia,"Eldridge, David",Fowlers,13,3,20,Open,Sclerolaena lanicuspis,2,3
42,Australia,"Eldridge, David",Fowlers,13,3,20,Open,Sclerolaena brachyptera,2,5
42,Australia,"Eldridge, David",Fowlers,13,3,20,Open,Lotus cruentus,2,0.5
42,Australia,"Eldridge, David",Fowlers,13,3,20,Open,Sclerolaena divaricata,1,1
42,Australia,"Eldridge, David",Fowlers,13,3,21,Atriplex vesicaria,Sida ,2,0.5
42,Australia,"Eldridge, David",Fowlers,13,3,21,Open,Atriplex vesicaria,1,5
42,Australia,"Eldridge, David",Fowlers,13,3,21,Open,Sclerolaena lanicuspis,1,2
42,Australia,"Eldridge, David",Fowlers,13,3,21,Open,Sclerolaena brachyptera,6,7
42,Australia,"Eldridge, David",Fowlers,13,3,21,Open,Lotus cruentus,3,0.5
42,Australia,"Eldridge, David",Fowlers,13,3,21,Open,Eragrostis setifolia,6,3
42,Australia,"Eldridge, David",Fowlers,13,3,22,Atriplex vesicaria,Sclerolaena lanicuspis,2,2
42,Australia,"Eldridge, David",Fowlers,13,3,22,Open,Sclerolaena brachyptera,2,1
42,Australia,"Eldridge, David",Fowlers,13,3,22,Open,Sclerolaena lanicuspis,1,1
42,Australia,"Eldridge, David",Fowlers,13,3,22,Open,Sclerolaena divaricata,1,1
42,Australia,"Eldridge, David",Fowlers,13,3,23,Atriplex vesicaria,Sclerolaena ventricosa,1,0.5
42,Australia,"Eldridge, David",Fowlers,13,3,23,Open,Eragrostis setifolia,1,2
42,Australia,"Eldridge, David",Fowlers,13,3,24,Atriplex vesicaria,Lotus cruentus,1,0.5
42,Australia,"Eldridge, David",Fowlers,13,3,24,Open,Sclerolaena brachyptera,22,20
42,Australia,"Eldridge, David",Fowlers,13,3,24,Open,Sclerolaena ventricosa,4,1
42,Australia,"Eldridge, David",Fowlers,13,3,25,Atriplex vesicaria,Sclerolaena lanicuspis,2,1
42,Australia,"Eldridge, David",Fowlers,13,3,25,Atriplex vesicaria,Lotus cruentus,1,0.5
42,Australia,"Eldridge, David",Fowlers,13,3,25,Open,Sclerolaena ventricosa,2,2
42,Australia,"Eldridge, David",Fowlers,13,3,25,Open,Sclerolaena lanicuspis,4,5
42,Australia,"Eldridge, David",Fowlers,13,3,25,Open,Atriplex vesicaria,1,5
42,Australia,"Eldridge, David",Fowlers,13,3,25,Open,Lotus cruentus,3,1
41,Australia,"Eldridge, David",Fowlers,13,2,1,Maireana pyramidata,Stipa scabra,1,5
41,Australia,"Eldridge, David",Fowlers,13,2,1,Maireana pyramidata,Sclerolaena patenticuspis,1,0.5
41,Australia,"Eldridge, David",Fowlers,13,2,1,Interspace,Enneapogon avenaceus,2,5
41,Australia,"Eldridge, David",Fowlers,13,2,2,Maireana pyramidata,Stipa scabra,1,0.5
41,Australia,"Eldridge, David",Fowlers,13,2,2,Maireana pyramidata,Sclerolaena obliquicuspis,3,1
41,Australia,"Eldridge, David",Fowlers,13,2,2,Interspace,Stipa scabra,1,0.5
41,Australia,"Eldridge, David",Fowlers,13,2,2,Interspace,Enneapogon avenaceus,1,0.5
41,Australia,"Eldridge, David",Fowlers,13,2,3,Maireana pyramidata,Stipa scabra,8,1
41,Australia,"Eldridge, David",Fowlers,13,2,3,Maireana pyramidata,Sclerolaena obliquicuspis,1,0.5
41,Australia,"Eldridge, David",Fowlers,13,2,3,Interspace,Sclerolaena obliquicuspis,2,1
41,Australia,"Eldridge, David",Fowlers,13,2,3,Interspace,Stipa scabra,2,0.5
41,Australia,"Eldridge, David",Fowlers,13,2,4,Maireana pyramidata,Sclerolaena obliquicuspis,3,2
41,Australia,"Eldridge, David",Fowlers,13,2,4,Maireana pyramidata,Stipa scabra,2,0.5
41,Australia,"Eldridge, David",Fowlers,13,2,4,Interspace,Stipa scabra,3,1
41,Australia,"Eldridge, David",Fowlers,13,2,5,Maireana pyramidata,Sclerolaena patenticuspis,4,2
41,Australia,"Eldridge, David",Fowlers,13,2,5,Maireana pyramidata,Stipa scabra,5,1
41,Australia,"Eldridge, David",Fowlers,13,2,5,Interspace,Stipa scabra,5,1
41,Australia,"Eldridge, David",Fowlers,13,2,5,Interspace,Enneapogon avenaceus,16,3
41,Australia,"Eldridge, David",Fowlers,13,2,6,Maireana pyramidata,Sclerolaena obliquicuspis,4,3
41,Australia,"Eldridge, David",Fowlers,13,2,6,Maireana pyramidata,Stipa scabra,4,1
41,Australia,"Eldridge, David",Fowlers,13,2,6,Interspace,Sclerolaena patenticuspis,2,3
41,Australia,"Eldridge, David",Fowlers,13,2,6,Interspace,Stipa scabra,5,7
41,Australia,"Eldridge, David",Fowlers,13,2,7,Maireana pyramidata,Sclerolaena patenticuspis,1,0.5
41,Australia,"Eldridge, David",Fowlers,13,2,7,Maireana pyramidata,Sclerolaena obliquicuspis,3,2
41,Australia,"Eldridge, David",Fowlers,13,2,7,Maireana pyramidata,Stipa scabra,2,0.5
41,Australia,"Eldridge, David",Fowlers,13,2,7,Interspace,Sclerolaena obliquicuspis,1,1
41,Australia,"Eldridge, David",Fowlers,13,2,7,Interspace,Enneapogon avenaceus,5,7
41,Australia,"Eldridge, David",Fowlers,13,2,7,Interspace,Stipa scabra,9,3
41,Australia,"Eldridge, David",Fowlers,13,2,8,Maireana pyramidata,Solanum quadriloculatum,7,20
41,Australia,"Eldridge, David",Fowlers,13,2,8,Maireana pyramidata,Sclerolaena obliquicuspis,2,5
41,Australia,"Eldridge, David",Fowlers,13,2,8,Maireana pyramidata,Stipa scabra,1,1
41,Australia,"Eldridge, David",Fowlers,13,2,8,Interspace,Stipa scabra,7,2
41,Australia,"Eldridge, David",Fowlers,13,2,8,Interspace,Sclerolaena patenticuspis,4,1
41,Australia,"Eldridge, David",Fowlers,13,2,9,Maireana pyramidata,Sclerolaena patenticuspis,2,1
41,Australia,"Eldridge, David",Fowlers,13,2,9,Maireana pyramidata,Stipa scabra,8,3
41,Australia,"Eldridge, David",Fowlers,13,2,9,Maireana pyramidata,Sclerolaena obliquicuspis,1,0.5
41,Australia,"Eldridge, David",Fowlers,13,2,9,Interspace,Sclerolaena patenticuspis,4,5
41,Australia,"Eldridge, David",Fowlers,13,2,9,Interspace,Stipa scabra,7,1
41,Australia,"Eldridge, David",Fowlers,13,2,9,Interspace,Enneapogon avenaceus,1,0.5
41,Australia,"Eldridge, David",Fowlers,13,2,10,Maireana pyramidata,Stipa scabra,2,0.5
41,Australia,"Eldridge, David",Fowlers,13,2,10,Interspace,Sclerolaena patenticuspis,4,3
41,Australia,"Eldridge, David",Fowlers,13,2,10,Interspace,Stipa scabra,8,1
41,Australia,"Eldridge, David",Fowlers,13,2,11,Maireana pyramidata,Stipa scabra,1,0.5
41,Australia,"Eldridge, David",Fowlers,13,2,11,Interspace,Stipa scabra,12,1
41,Australia,"Eldridge, David",Fowlers,13,2,12,Maireana pyramidata,Sclerolaena patenticuspis,3,1
41,Australia,"Eldridge, David",Fowlers,13,2,12,Maireana pyramidata,Stipa scabra,5,2
41,Australia,"Eldridge, David",Fowlers,13,2,12,Maireana pyramidata,Enneapogon avenaceus,2,1
41,Australia,"Eldridge, David",Fowlers,13,2,12,Interspace,Sclerolaena obliquicuspis,2,1
41,Australia,"Eldridge, David",Fowlers,13,2,12,Interspace,Stipa scabra,18,2
41,Australia,"Eldridge, David",Fowlers,13,2,13,Maireana pyramidata,Sclerolaena obliquicuspis,2,1
41,Australia,"Eldridge, David",Fowlers,13,2,13,Maireana pyramidata,Stipa scabra,2,0.5
41,Australia,"Eldridge, David",Fowlers,13,2,13,Interspace,Sclerolaena patenticuspis,3,5
41,Australia,"Eldridge, David",Fowlers,13,2,13,Interspace,Stipa scabra,15,8
41,Australia,"Eldridge, David",Fowlers,13,2,14,Maireana pyramidata,Sclerolaena patenticuspis,5,3
41,Australia,"Eldridge, David",Fowlers,13,2,14,Maireana pyramidata,Stipa scabra,5,1
41,Australia,"Eldridge, David",Fowlers,13,2,14,Interspace,Stipa scabra,3,2
41,Australia,"Eldridge, David",Fowlers,13,2,14,Interspace,Enneapogon avenaceus,1,0.5
41,Australia,"Eldridge, David",Fowlers,13,2,14,Interspace,Sclerolaena patenticuspis,2,1
41,Australia,"Eldridge, David",Fowlers,13,2,15,Maireana pyramidata,Stipa scabra,4,2
41,Australia,"Eldridge, David",Fowlers,13,2,15,Maireana pyramidata,Enneapogon avenaceus,1,1
41,Australia,"Eldridge, David",Fowlers,13,2,15,Interspace,Stipa scabra,12,1
41,Australia,"Eldridge, David",Fowlers,13,2,15,Interspace,Sclerolaena patenticuspis,6,2
41,Australia,"Eldridge, David",Fowlers,13,2,15,Interspace,Enneapogon avenaceus,1,0.5
41,Australia,"Eldridge, David",Fowlers,13,2,16,Maireana pyramidata,Sclerolaena obliquicuspis,4,5
41,Australia,"Eldridge, David",Fowlers,13,2,16,Maireana pyramidata,Stipa scabra,3,1
41,Australia,"Eldridge, David",Fowlers,13,2,16,Interspace,Sclerolaena obliquicuspis,1,2
41,Australia,"Eldridge, David",Fowlers,13,2,16,Interspace,Enneapogon avenaceus,1,2
41,Australia,"Eldridge, David",Fowlers,13,2,17,Maireana pyramidata,Enneapogon avenaceus,2,2
41,Australia,"Eldridge, David",Fowlers,13,2,17,Maireana pyramidata,Sclerolaena obliquicuspis,6,10
41,Australia,"Eldridge, David",Fowlers,13,2,17,Interspace,Sclerolaena patenticuspis,6,3
41,Australia,"Eldridge, David",Fowlers,13,2,18,Maireana pyramidata,Enneapogon avenaceus,3,4
41,Australia,"Eldridge, David",Fowlers,13,2,18,Maireana pyramidata,Sclerolaena obliquicuspis,2,5
41,Australia,"Eldridge, David",Fowlers,13,2,18,Maireana pyramidata,Sclerolaena patenticuspis,3,1
41,Australia,"Eldridge, David",Fowlers,13,2,18,Interspace,Enneapogon avenaceus,1,0.5
41,Australia,"Eldridge, David",Fowlers,13,2,19,Maireana pyramidata,Stipa scabra,1,0.5
41,Australia,"Eldridge, David",Fowlers,13,2,19,Interspace,Sclerolaena patenticuspis,7,5
41,Australia,"Eldridge, David",Fowlers,13,2,20,Maireana pyramidata,Stipa scabra,5,0.5
41,Australia,"Eldridge, David",Fowlers,13,2,20,Interspace,Stipa scabra,2,1
41,Australia,"Eldridge, David",Fowlers,13,2,20,Interspace,Enneapogon avenaceus,15,15
41,Australia,"Eldridge, David",Fowlers,13,2,21,Maireana pyramidata,Stipa scabra,1,0.5
41,Australia,"Eldridge, David",Fowlers,13,2,21,Interspace,Sclerolaena patenticuspis,1,1
41,Australia,"Eldridge, David",Fowlers,13,2,22,Maireana pyramidata,Stipa scabra,2,0.5
41,Australia,"Eldridge, David",Fowlers,13,2,22,Interspace,Sclerolaena patenticuspis,4,3
41,Australia,"Eldridge, David",Fowlers,13,2,23,Maireana pyramidata,Stipa scabra,2,2
41,Australia,"Eldridge, David",Fowlers,13,2,23,Maireana pyramidata,Sclerolaena patenticuspis,2,2
41,Australia,"Eldridge, David",Fowlers,13,2,23,Interspace,Sclerolaena patenticuspis,11,7
41,Australia,"Eldridge, David",Fowlers,13,2,24,Maireana pyramidata,Stipa scabra,1,1
41,Australia,"Eldridge, David",Fowlers,13,2,24,Maireana pyramidata,Sclerolaena obliquicuspis,2,2
41,Australia,"Eldridge, David",Fowlers,13,2,24,Interspace,Enneapogon avenaceus,1,3
41,Australia,"Eldridge, David",Fowlers,13,2,24,Interspace,Stipa scabra,1,5
41,Australia,"Eldridge, David",Fowlers,13,2,25,Maireana pyramidata,Sclerolaena patenticuspis,3,2
41,Australia,"Eldridge, David",Fowlers,13,2,25,Maireana pyramidata,Sclerolaena obliquicuspis,2,2
41,Australia,"Eldridge, David",Fowlers,13,2,25,Interspace,Sclerolaena patenticuspis,2,1
41,Australia,"Eldridge, David",Fowlers,13,2,25,Interspace,Stipa scabra,2,0.5
40,Australia,"Eldridge, David",Fowlers,13,1,1,Maireana pyramidata,Maireana turbinata,2,5
40,Australia,"Eldridge, David",Fowlers,13,1,1,Maireana pyramidata,Minuria cunninghamii,2,25
40,Australia,"Eldridge, David",Fowlers,13,1,1,Maireana pyramidata,Sclerolaena brachyptera,12,15
40,Australia,"Eldridge, David",Fowlers,13,1,1,Maireana pyramidata,Sclerolaena ventricosa,10,7
40,Australia,"Eldridge, David",Fowlers,13,1,1,Maireana pyramidata,Lotus cruentus,15,2
40,Australia,"Eldridge, David",Fowlers,13,1,1,Open,Sclerolaena brachyptera,16,10
40,Australia,"Eldridge, David",Fowlers,13,1,1,Open,Lotus cruentus,1,1
40,Australia,"Eldridge, David",Fowlers,13,1,2,Maireana pyramidata,Sida corrugata,5,1
40,Australia,"Eldridge, David",Fowlers,13,1,2,Maireana pyramidata,Lotus cruentus,3,0.5
40,Australia,"Eldridge, David",Fowlers,13,1,2,Maireana pyramidata,Sclerolaena brachyptera,5,2
40,Australia,"Eldridge, David",Fowlers,13,1,2,Maireana pyramidata,Sclerolaena ventricosa,4,2
40,Australia,"Eldridge, David",Fowlers,13,1,2,Maireana pyramidata,Sclerolaena divaricata,2,2
40,Australia,"Eldridge, David",Fowlers,13,1,2,Open,Lotus cruentus,1,0.5
40,Australia,"Eldridge, David",Fowlers,13,1,3,Open,Sclerolaena brachyptera,5,1
40,Australia,"Eldridge, David",Fowlers,13,1,3,Maireana pyramidata,Maireana turbinata,7,15
40,Australia,"Eldridge, David",Fowlers,13,1,3,Maireana pyramidata,Lotus cruentus,2,0.5
40,Australia,"Eldridge, David",Fowlers,13,1,3,Maireana pyramidata,Sclerolaena divaricata,2,5
40,Australia,"Eldridge, David",Fowlers,13,1,3,Maireana pyramidata,Sclerolaena ventricosa,2,2
40,Australia,"Eldridge, David",Fowlers,13,1,3,Open,Lotus cruentus,2,0.5
40,Australia,"Eldridge, David",Fowlers,13,1,3,Open,Sclerolaena brachyptera,5,10
40,Australia,"Eldridge, David",Fowlers,13,1,4,Maireana pyramidata,Minuria cunninghamii,3,5
40,Australia,"Eldridge, David",Fowlers,13,1,4,Maireana pyramidata,Lotus cruentus,2,1
40,Australia,"Eldridge, David",Fowlers,13,1,4,Maireana pyramidata,Sclerolaena divaricata,1,2
40,Australia,"Eldridge, David",Fowlers,13,1,4,Open,Sclerolaena ventricosa,1,0.5
40,Australia,"Eldridge, David",Fowlers,13,1,4,Open,Lotus cruentus,2,0.5
40,Australia,"Eldridge, David",Fowlers,13,1,4,Open,Sclerolaena brachyptera,1,0.5
40,Australia,"Eldridge, David",Fowlers,13,1,5,Maireana pyramidata,Sclerolaena ventricosa,1,0.5
40,Australia,"Eldridge, David",Fowlers,13,1,5,Maireana pyramidata,Maireana turbinata,1,1
40,Australia,"Eldridge, David",Fowlers,13,1,5,Open,Sclerolaena brachyptera,18,5
40,Australia,"Eldridge, David",Fowlers,13,1,5,Open,Lotus cruentus,5,2
40,Australia,"Eldridge, David",Fowlers,13,1,6,Maireana pyramidata,Sclerolaena brachyptera,8,5
40,Australia,"Eldridge, David",Fowlers,13,1,6,Maireana pyramidata,Lotus cruentus,5,1
40,Australia,"Eldridge, David",Fowlers,13,1,6,Open,Sida fibulifera,14,1
40,Australia,"Eldridge, David",Fowlers,13,1,6,Open,Lotus cruentus,5,1
40,Australia,"Eldridge, David",Fowlers,13,1,6,Open,Sclerolaena brachyptera,5,5
40,Australia,"Eldridge, David",Fowlers,13,1,7,Maireana pyramidata,Minuria cunninghamii,1,2
40,Australia,"Eldridge, David",Fowlers,13,1,7,Maireana pyramidata,Lotus cruentus,6,1
40,Australia,"Eldridge, David",Fowlers,13,1,7,Maireana pyramidata,Sclerolaena lanicuspis,1,1
40,Australia,"Eldridge, David",Fowlers,13,1,7,Open,Lotus cruentus,5,1
40,Australia,"Eldridge, David",Fowlers,13,1,7,Open,Sclerolaena brachyptera,3,1
40,Australia,"Eldridge, David",Fowlers,13,1,8,Maireana pyramidata,Maireana turbinata,2,2
40,Australia,"Eldridge, David",Fowlers,13,1,8,Maireana pyramidata,Lotus cruentus,5,2
40,Australia,"Eldridge, David",Fowlers,13,1,8,Maireana pyramidata,Sclerolaena divaricata,2,10
40,Australia,"Eldridge, David",Fowlers,13,1,8,Open,Sclerolaena brachyptera,1,0.5
40,Australia,"Eldridge, David",Fowlers,13,1,9,Maireana pyramidata,Maireana turbinata,18,3
40,Australia,"Eldridge, David",Fowlers,13,1,9,Maireana pyramidata,Lotus cruentus,3,1
40,Australia,"Eldridge, David",Fowlers,13,1,9,Maireana pyramidata,Sida corrugata,1,0.5
40,Australia,"Eldridge, David",Fowlers,13,1,9,Open,Sclerolaena ventricosa,2,0.5
40,Australia,"Eldridge, David",Fowlers,13,1,10,Maireana pyramidata,Lotus cruentus,6,3
40,Australia,"Eldridge, David",Fowlers,13,1,10,Open,Lotus cruentus,1,0.5
40,Australia,"Eldridge, David",Fowlers,13,1,10,Open,Sclerolaena ventricosa,2,1
40,Australia,"Eldridge, David",Fowlers,13,1,11,Maireana pyramidata,Sclerolaena ventricosa,1,1
40,Australia,"Eldridge, David",Fowlers,13,1,11,Open,Lotus cruentus,3,0.5
40,Australia,"Eldridge, David",Fowlers,13,1,11,Open,Sida fibulifera,1,1
40,Australia,"Eldridge, David",Fowlers,13,1,12,Maireana pyramidata,Maireana turbinata,8,3
40,Australia,"Eldridge, David",Fowlers,13,1,12,Maireana pyramidata,Minuria cunninghamii,3,25
40,Australia,"Eldridge, David",Fowlers,13,1,12,Maireana pyramidata,Lotus cruentus,4,0.5
40,Australia,"Eldridge, David",Fowlers,13,1,12,Maireana pyramidata,Sclerolaena divaricata,2,10
40,Australia,"Eldridge, David",Fowlers,13,1,12,Maireana pyramidata,Sclerolaena brachyptera,1,1
40,Australia,"Eldridge, David",Fowlers,13,1,12,Open,Lotus cruentus,7,1
40,Australia,"Eldridge, David",Fowlers,13,1,12,Open,Sida fibulifera,1,2
40,Australia,"Eldridge, David",Fowlers,13,1,13,Maireana pyramidata,Atriplex vesicaria,1,35
40,Australia,"Eldridge, David",Fowlers,13,1,13,Maireana pyramidata,Minuria cunninghamii,2,20
40,Australia,"Eldridge, David",Fowlers,13,1,13,Maireana pyramidata,Sclerolaena brachyptera,2,1
40,Australia,"Eldridge, David",Fowlers,13,1,13,Maireana pyramidata,Lotus cruentus,3,0.5
40,Australia,"Eldridge, David",Fowlers,13,1,13,Open,Lotus cruentus,7,1
40,Australia,"Eldridge, David",Fowlers,13,1,13,Open,Sclerolaena brachyptera,6,2
40,Australia,"Eldridge, David",Fowlers,13,1,14,Maireana pyramidata,Minuria cunninghamii,1,45
40,Australia,"Eldridge, David",Fowlers,13,1,14,Maireana pyramidata,Lotus cruentus,5,1
40,Australia,"Eldridge, David",Fowlers,13,1,14,Open,Sclerolaena brachyptera,4,1
40,Australia,"Eldridge, David",Fowlers,13,1,14,Open,Lotus cruentus,1,0.5
40,Australia,"Eldridge, David",Fowlers,13,1,15,Maireana pyramidata,Atriplex vesicaria,1,15
40,Australia,"Eldridge, David",Fowlers,13,1,15,Maireana pyramidata,Lotus cruentus,5,1
40,Australia,"Eldridge, David",Fowlers,13,1,15,Maireana pyramidata,Sida fibulifera,1,0.5
40,Australia,"Eldridge, David",Fowlers,13,1,15,Maireana pyramidata,Minuria cunninghamii,1,5
40,Australia,"Eldridge, David",Fowlers,13,1,15,Open,Sclerolaena brachyptera,10,3
40,Australia,"Eldridge, David",Fowlers,13,1,15,Open,Lotus cruentus,4,1
40,Australia,"Eldridge, David",Fowlers,13,1,16,Maireana pyramidata,Maireana pyramidata,14,5
40,Australia,"Eldridge, David",Fowlers,13,1,16,Maireana pyramidata,Lotus cruentus,3,1
40,Australia,"Eldridge, David",Fowlers,13,1,16,Open,Lotus cruentus,3,0.5
40,Australia,"Eldridge, David",Fowlers,13,1,16,Open,Sclerolaena brachyptera,2,1
40,Australia,"Eldridge, David",Fowlers,13,1,17,Maireana pyramidata,Minuria cunninghamii,4,35
40,Australia,"Eldridge, David",Fowlers,13,1,17,Maireana pyramidata,Lotus cruentus,3,1
40,Australia,"Eldridge, David",Fowlers,13,1,17,Maireana pyramidata,Sclerolaena brachyptera,3,1
40,Australia,"Eldridge, David",Fowlers,13,1,17,Open,Lotus cruentus,3,2
40,Australia,"Eldridge, David",Fowlers,13,1,18,Maireana pyramidata,Minuria cunninghamii,3,45
40,Australia,"Eldridge, David",Fowlers,13,1,18,Maireana pyramidata,Maireana turbinata,5,5
40,Australia,"Eldridge, David",Fowlers,13,1,18,Maireana pyramidata,Sclerolaena brachyptera,3,1
40,Australia,"Eldridge, David",Fowlers,13,1,18,Maireana pyramidata,Lotus cruentus,5,2
40,Australia,"Eldridge, David",Fowlers,13,1,18,Open,Sclerolaena ventricosa,4,5
40,Australia,"Eldridge, David",Fowlers,13,1,18,Open,Lotus cruentus,5,0.5
40,Australia,"Eldridge, David",Fowlers,13,1,18,Open,Sclerolaena brachyptera,3,2
40,Australia,"Eldridge, David",Fowlers,13,1,19,Maireana pyramidata,Minuria cunninghamii,2,15
40,Australia,"Eldridge, David",Fowlers,13,1,19,Maireana pyramidata,Lotus cruentus,5,1
40,Australia,"Eldridge, David",Fowlers,13,1,19,Maireana pyramidata,Sclerolaena ventricosa,5,2
40,Australia,"Eldridge, David",Fowlers,13,1,19,Maireana pyramidata,Maireana turbinata,3,2
40,Australia,"Eldridge, David",Fowlers,13,1,19,Open,Sida fibulifera,2,0.5
40,Australia,"Eldridge, David",Fowlers,13,1,19,Open,Eragrostis dielsii,1,1
40,Australia,"Eldridge, David",Fowlers,13,1,20,Maireana pyramidata,Minuria cunninghamii,3,20
40,Australia,"Eldridge, David",Fowlers,13,1,20,Maireana pyramidata,Lotus cruentus,5,2
40,Australia,"Eldridge, David",Fowlers,13,1,20,Maireana pyramidata,Sclerolaena brachyptera,2,1
40,Australia,"Eldridge, David",Fowlers,13,1,20,Open,Sclerolaena divaricata,3,10
40,Australia,"Eldridge, David",Fowlers,13,1,20,Open,Lotus cruentus,3,1
40,Australia,"Eldridge, David",Fowlers,13,1,20,Open,Sclerolaena brachyptera,2,2
40,Australia,"Eldridge, David",Fowlers,13,1,21,Maireana pyramidata,Minuria cunninghamii,3,5
40,Australia,"Eldridge, David",Fowlers,13,1,21,Maireana pyramidata,Lotus cruentus,5,1
40,Australia,"Eldridge, David",Fowlers,13,1,21,Open,Sclerolaena brachyptera,7,5
40,Australia,"Eldridge, David",Fowlers,13,1,21,Open,Sclerolaena divaricata,1,1
40,Australia,"Eldridge, David",Fowlers,13,1,22,Maireana pyramidata,Minuria leptophylla,5,25
40,Australia,"Eldridge, David",Fowlers,13,1,22,Maireana pyramidata,Maireana pyramidata,2,15
40,Australia,"Eldridge, David",Fowlers,13,1,22,Maireana pyramidata,Sclerolaena brachyptera,10,5
40,Australia,"Eldridge, David",Fowlers,13,1,22,Maireana pyramidata,Maireana turbinata,10,3
40,Australia,"Eldridge, David",Fowlers,13,1,22,Open,Lotus cruentus,2,1
40,Australia,"Eldridge, David",Fowlers,13,1,22,Open,Sclerolaena ventricosa,2,3
40,Australia,"Eldridge, David",Fowlers,13,1,22,Open,Sclerolaena brachyptera,12,5
40,Australia,"Eldridge, David",Fowlers,13,1,23,Maireana pyramidata,Minuria leptophylla,2,10
40,Australia,"Eldridge, David",Fowlers,13,1,23,Maireana pyramidata,Lotus cruentus,7,2
40,Australia,"Eldridge, David",Fowlers,13,1,23,Open,No species present,0,0
40,Australia,"Eldridge, David",Fowlers,13,1,24,Maireana pyramidata,Minuria leptophylla,2,10
40,Australia,"Eldridge, David",Fowlers,13,1,24,Maireana pyramidata,Lotus cruentus,3,1
40,Australia,"Eldridge, David",Fowlers,13,1,24,Open,Lotus cruentus,2,0.5
40,Australia,"Eldridge, David",Fowlers,13,1,24,Open,Sclerolaena ventricosa,5,5
40,Australia,"Eldridge, David",Fowlers,13,1,25,Maireana pyramidata,Lotus cruentus,10,2
40,Australia,"Eldridge, David",Fowlers,13,1,25,Maireana pyramidata,Sida fibulifera,1,0.5
40,Australia,"Eldridge, David",Fowlers,13,1,25,Maireana pyramidata,Sclerolaena brachyptera,3,2
40,Australia,"Eldridge, David",Fowlers,13,1,25,Maireana pyramidata,Sclerolaena ventricosa,5,3
40,Australia,"Eldridge, David",Fowlers,13,1,25,Maireana pyramidata,Maireana turbinata,3,0.5
40,Australia,"Eldridge, David",Fowlers,13,1,25,Open,Lotus cruentus,8,2
40,Australia,"Eldridge, David",Fowlers,13,1,25,Open,Sclerolaena brachyptera,6,2
