ID,COU,RES,SITE,SITE_ID,PLOT,Date,Microsite,ID_Microsite,diameter_1(cm),diameter_2(cm),canopy area (cm2),Number of replicate,Quadrat,Species within quadrat,Cover (%)
83,Chile,"Fajardo, Alex",Bano nuevo,25,1,2017/03/21,2,Acaena integerrima,112,115,10116,1,,Festuca pyrogea,5
83,Chile,"Fajardo, Alex",Bano nuevo,25,1,2017/03/21,2,Acaena integerrima,112,115,10116,1,,Nassauvia darwinii,5
83,Chile,"Fajardo, Alex",Bano nuevo,25,1,2017/03/21,2,Acaena integerrima,112,115,10116,1,,Viola maculata,5
83,Chile,"Fajardo, Alex",Bano nuevo,25,1,2017/03/21,2,Acaena integerrima,112,115,10116,1,,Cerastium arvense,5
83,Chile,"Fajardo, Alex",Bano nuevo,25,1,2017/03/21,1,bare soil,,,,1,,Nassauvia darwinii,15
83,Chile,"Fajardo, Alex",Bano nuevo,25,1,2017/03/21,1,bare soil,,,,1,,Festuca pallescens,20
83,Chile,"Fajardo, Alex",Bano nuevo,25,1,2017/03/21,1,bare soil,,,,1,,Acaena integerrima,2
83,Chile,"Fajardo, Alex",Bano nuevo,25,1,2017/03/21,1,bare soil,,,,1,,Cerastium arvense,3
83,Chile,"Fajardo, Alex",Bano nuevo,25,1,2017/03/21,2,Acaena integerrima,112,115,10116,2,,Nassauvia darwinii,5
83,Chile,"Fajardo, Alex",Bano nuevo,25,1,2017/03/21,2,Acaena integerrima,112,115,10116,2,,Festuca pyrogea,15
83,Chile,"Fajardo, Alex",Bano nuevo,25,1,2017/03/21,2,Acaena integerrima,112,115,10116,2,,Cerastium arvense,4
83,Chile,"Fajardo, Alex",Bano nuevo,25,1,2017/03/21,1,bare soil,,,,2,,Nassauvia darwinii,5
83,Chile,"Fajardo, Alex",Bano nuevo,25,1,2017/03/21,1,bare soil,,,,2,,Festuca pyrogea,2
83,Chile,"Fajardo, Alex",Bano nuevo,25,1,2017/03/21,1,bare soil,,,,2,,Acaena integerrima,5
83,Chile,"Fajardo, Alex",Bano nuevo,25,1,2017/03/21,1,bare soil,,,,2,,Cerastium arvense,2
83,Chile,"Fajardo, Alex",Bano nuevo,25,1,2017/03/21,2,Festuca pallescens,60,60,2827,1,,Nassauvia darwinii,10
83,Chile,"Fajardo, Alex",Bano nuevo,25,1,2017/03/21,2,Festuca pallescens,60,60,2827,1,,Galium fuegianum,4
83,Chile,"Fajardo, Alex",Bano nuevo,25,1,2017/03/21,1,bare soil,,,,1,,Acaena spp. ,2
83,Chile,"Fajardo, Alex",Bano nuevo,25,1,2017/03/21,1,bare soil,,,,1,,Festuca pyrogea,5
83,Chile,"Fajardo, Alex",Bano nuevo,25,1,2017/03/21,2,Festuca pallescens,30,20,471,2,,Cerastium arvense,5
83,Chile,"Fajardo, Alex",Bano nuevo,25,1,2017/03/21,1,bare soil,,,,2,,Acaena spp. ,5
83,Chile,"Fajardo, Alex",Bano nuevo,25,1,2017/03/21,2,Acaena integerrima,40,30,942,3,,Festuca pyrogea,10
83,Chile,"Fajardo, Alex",Bano nuevo,25,1,2017/03/21,2,Acaena integerrima,40,30,942,3,,Taraxacum officinale,5
83,Chile,"Fajardo, Alex",Bano nuevo,25,1,2017/03/21,1,bare soil,,,,3,,Nassauvia darwinii,10
83,Chile,"Fajardo, Alex",Bano nuevo,25,1,2017/03/21,1,bare soil,,,,3,,Festuca pyrogea,5
83,Chile,"Fajardo, Alex",Bano nuevo,25,1,2017/03/21,2,Acaena integerrima,40,40,1257,4,,Viola maculata,5
83,Chile,"Fajardo, Alex",Bano nuevo,25,1,2017/03/21,2,Acaena integerrima,40,40,1257,4,,Festuca pyrogea,10
83,Chile,"Fajardo, Alex",Bano nuevo,25,1,2017/03/21,2,Acaena integerrima,40,40,1257,4,,Cerastium arvense,5
83,Chile,"Fajardo, Alex",Bano nuevo,25,1,2017/03/21,1,bare soil,,,,4,,Festuca pyrogea,5
83,Chile,"Fajardo, Alex",Bano nuevo,25,1,2017/03/21,1,bare soil,,,,4,,Acaena integerrima,5
83,Chile,"Fajardo, Alex",Bano nuevo,25,1,2017/03/21,1,bare soil,,,,4,,Taraxacum officinale,1
83,Chile,"Fajardo, Alex",Bano nuevo,25,1,2017/03/21,2,Festuca pallescens,40,30,942,3,,Nassauvia darwinii,10
83,Chile,"Fajardo, Alex",Bano nuevo,25,1,2017/03/21,2,Festuca pallescens,40,30,942,3,,Viola maculata,4
83,Chile,"Fajardo, Alex",Bano nuevo,25,1,2017/03/21,2,Festuca pallescens,40,30,942,3,,Festuca pyrogea,4
83,Chile,"Fajardo, Alex",Bano nuevo,25,1,2017/03/21,1,bare soil,,,,3,,Nassauvia darwinii,1
83,Chile,"Fajardo, Alex",Bano nuevo,25,1,2017/03/21,2,Acaena integerrima,20,25,393,5,,Festuca pyrogea,20
83,Chile,"Fajardo, Alex",Bano nuevo,25,1,2017/03/21,2,Acaena integerrima,20,25,393,5,,Viola maculata,5
83,Chile,"Fajardo, Alex",Bano nuevo,25,1,2017/03/21,1,bare soil,,,,5,,Acaena spp. ,5
83,Chile,"Fajardo, Alex",Bano nuevo,25,1,2017/03/21,1,bare soil,,,,5,,Viola maculata,1
83,Chile,"Fajardo, Alex",Bano nuevo,25,1,2017/03/21,2,Festuca pallescens,30,30,707,4,,Nassauvia darwinii,20
83,Chile,"Fajardo, Alex",Bano nuevo,25,1,2017/03/21,2,Festuca pallescens,30,30,707,4,,Viola maculata,1
83,Chile,"Fajardo, Alex",Bano nuevo,25,1,2017/03/21,2,Festuca pallescens,30,30,707,4,,Festuca pyrogea,15
83,Chile,"Fajardo, Alex",Bano nuevo,25,1,2017/03/21,1,bare soil,,,,4,,Nassauvia darwinii,10
83,Chile,"Fajardo, Alex",Bano nuevo,25,1,2017/03/21,1,bare soil,,,,4,,Viola maculata,5
83,Chile,"Fajardo, Alex",Bano nuevo,25,1,2017/03/21,1,bare soil,,,,4,,Cerastium arvense,1
83,Chile,"Fajardo, Alex",Bano nuevo,25,1,2017/03/21,2,Acaena integerrima,40,35,1100,6,,Festuca pallescens,20
83,Chile,"Fajardo, Alex",Bano nuevo,25,1,2017/03/21,2,Acaena integerrima,40,35,1100,6,,Festuca pyrogea,5
83,Chile,"Fajardo, Alex",Bano nuevo,25,1,2017/03/21,2,Acaena integerrima,40,35,1100,6,,Taraxacum officinale,1
83,Chile,"Fajardo, Alex",Bano nuevo,25,1,2017/03/21,1,bare soil,,,,6,,Acaena spp. ,1
83,Chile,"Fajardo, Alex",Bano nuevo,25,1,2017/03/21,1,bare soil,,,,6,,Viola maculata,1
83,Chile,"Fajardo, Alex",Bano nuevo,25,1,2017/03/21,2,Festuca pallescens,30,25,589,5,,Nassauvia darwinii,10
83,Chile,"Fajardo, Alex",Bano nuevo,25,1,2017/03/21,2,Festuca pallescens,30,25,589,5,,Acaena integerrima,5
83,Chile,"Fajardo, Alex",Bano nuevo,25,1,2017/03/21,2,Festuca pallescens,30,25,589,5,,Viola maculata,5
83,Chile,"Fajardo, Alex",Bano nuevo,25,1,2017/03/21,1,bare soil,,,,5,,Festuca pyrogea,15
83,Chile,"Fajardo, Alex",Bano nuevo,25,1,2017/03/21,1,bare soil,,,,5,,Viola maculata,5
83,Chile,"Fajardo, Alex",Bano nuevo,25,1,2017/03/21,2,acaena integerrima,40,35,1100,7,,Nassauvia darwinii,20
83,Chile,"Fajardo, Alex",Bano nuevo,25,1,2017/03/21,2,acaena integerrima,40,35,1100,7,,Viola maculata,5
83,Chile,"Fajardo, Alex",Bano nuevo,25,1,2017/03/21,2,acaena integerrima,40,35,1100,7,,Festuca pyrogea,20
83,Chile,"Fajardo, Alex",Bano nuevo,25,1,2017/03/21,1,bare soil,,,,7,,Festuca pyrogea,10
83,Chile,"Fajardo, Alex",Bano nuevo,25,1,2017/03/21,1,bare soil,,,,7,,Acaena integerrima,1
83,Chile,"Fajardo, Alex",Bano nuevo,25,1,2017/03/21,1,bare soil,,,,7,,Viola maculata,1
83,Chile,"Fajardo, Alex",Bano nuevo,25,1,2017/03/21,2,Acaena integerrima,25,20,393,8,,Nassauvia darwinii,20
83,Chile,"Fajardo, Alex",Bano nuevo,25,1,2017/03/21,2,Acaena integerrima,25,20,393,8,,Festuca pyrogea,20
83,Chile,"Fajardo, Alex",Bano nuevo,25,1,2017/03/21,1,bare soil,,,,8,,Acaena integerrima ,1
83,Chile,"Fajardo, Alex",Bano nuevo,25,1,2017/03/21,1,bare soil,,,,8,,Viola maculata,1
83,Chile,"Fajardo, Alex",Bano nuevo,25,1,2017/03/21,1,bare soil,,,,8,,Festuca pallescens,5
83,Chile,"Fajardo, Alex",Bano nuevo,25,1,2017/03/21,2,Acaena integerrima,30,30,707,9,,Nassauvia darwinii,5
83,Chile,"Fajardo, Alex",Bano nuevo,25,1,2017/03/21,2,Acaena integerrima,30,30,707,9,,Viola maculata,5
83,Chile,"Fajardo, Alex",Bano nuevo,25,1,2017/03/21,2,Acaena integerrima,30,30,707,9,,Festuca pyrogea,15
83,Chile,"Fajardo, Alex",Bano nuevo,25,1,2017/03/21,1,bare soil,,,,9,,Acaena integerrima,1
83,Chile,"Fajardo, Alex",Bano nuevo,25,1,2017/03/21,2,Acaena integerrima,50,50,1963,10,,Festuca pyrogea,10
83,Chile,"Fajardo, Alex",Bano nuevo,25,1,2017/03/21,2,Acaena integerrima,50,50,1963,10,,Taraxacum officinale,1
83,Chile,"Fajardo, Alex",Bano nuevo,25,1,2017/03/21,2,Acaena integerrima,50,50,1963,10,,Nassauvia darwinii,5
83,Chile,"Fajardo, Alex",Bano nuevo,25,1,2017/03/21,2,Acaena integerrima,50,50,1963,10,,Viola maculata,1
83,Chile,"Fajardo, Alex",Bano nuevo,25,1,2017/03/21,1,bare soil,,,,10,,Festuca pyrogea,10
83,Chile,"Fajardo, Alex",Bano nuevo,25,1,2017/03/21,1,bare soil,,,,10,,Viola maculata,1
83,Chile,"Fajardo, Alex",Bano nuevo,25,1,2017/03/21,1,bare soil,,,,10,,Acaena integerrima,5
83,Chile,"Fajardo, Alex",Bano nuevo,25,1,2017/03/21,1,bare soil,,,,10,,Taraxacum officinale,5
83,Chile,"Fajardo, Alex",Bano nuevo,25,1,2017/03/21,2,Festuca pallescens,30,40,942,6,,Viola maculata,10
83,Chile,"Fajardo, Alex",Bano nuevo,25,1,2017/03/21,1,bare soil,,,,6,,Viola maculata,5
83,Chile,"Fajardo, Alex",Bano nuevo,25,1,2017/03/21,2,Festuca pallescens,30,35,825,7,,Acaena integerrima,5
83,Chile,"Fajardo, Alex",Bano nuevo,25,1,2017/03/21,2,Festuca pallescens,30,35,825,7,,Lathyrus magellanicus,1
83,Chile,"Fajardo, Alex",Bano nuevo,25,1,2017/03/21,1,bare soil,,,,7,,Festuca pyrogea,10
83,Chile,"Fajardo, Alex",Bano nuevo,25,1,2017/03/21,1,bare soil,,,,7,,Viola maculata,1
83,Chile,"Fajardo, Alex",Bano nuevo,25,1,2017/03/21,1,bare soil,,,,7,,Acaena integerrima,1
83,Chile,"Fajardo, Alex",Bano nuevo,25,1,2017/03/21,2,Acaena integerrima,120,130,12252,11,,Festuca pyrogea,15
83,Chile,"Fajardo, Alex",Bano nuevo,25,1,2017/03/21,1,bare soil,,,,11,,Festuca pyrogea,10
83,Chile,"Fajardo, Alex",Bano nuevo,25,1,2017/03/21,1,bare soil,,,,11,,Viola maculata,5
83,Chile,"Fajardo, Alex",Bano nuevo,25,1,2017/03/21,2,Acaena integerrima,40,45,1414,12,,Taraxacum officinale,5
83,Chile,"Fajardo, Alex",Bano nuevo,25,1,2017/03/21,2,Acaena integerrima,40,45,1414,12,,Festuca pallescens,10
83,Chile,"Fajardo, Alex",Bano nuevo,25,1,2017/03/21,2,Acaena integerrima,40,45,1414,12,,Cerastium arvense,1
83,Chile,"Fajardo, Alex",Bano nuevo,25,1,2017/03/21,2,Acaena integerrima,40,45,1414,12,,Lathyrus magellanicus,1
83,Chile,"Fajardo, Alex",Bano nuevo,25,1,2017/03/21,1,bare soil,,,,12,,Festuca pyrogea,5
83,Chile,"Fajardo, Alex",Bano nuevo,25,1,2017/03/21,1,bare soil,,,,12,,Acaena integerrima,1
83,Chile,"Fajardo, Alex",Bano nuevo,25,1,2017/03/21,2,Acaena integerrima,50,40,1571,13,,Festuca pallescens,10
83,Chile,"Fajardo, Alex",Bano nuevo,25,1,2017/03/21,2,Acaena integerrima,50,40,1571,13,,Viola maculata,1
83,Chile,"Fajardo, Alex",Bano nuevo,25,1,2017/03/21,2,Acaena integerrima,50,40,1571,13,,Calceolaria biflora,1
83,Chile,"Fajardo, Alex",Bano nuevo,25,1,2017/03/21,1,bare soil,,,,13,,Festuca pyrogea,5
83,Chile,"Fajardo, Alex",Bano nuevo,25,1,2017/03/21,1,bare soil,,,,13,,Viola maculata,1
83,Chile,"Fajardo, Alex",Bano nuevo,25,1,2017/03/21,1,bare soil,,,,13,,Acaena integerrima,1
83,Chile,"Fajardo, Alex",Bano nuevo,25,1,2017/03/21,2,acaena integerrima,40,25,785,14,,Festuca pyrogea,15
83,Chile,"Fajardo, Alex",Bano nuevo,25,1,2017/03/21,2,acaena integerrima,40,25,785,14,,Viola maculata,5
83,Chile,"Fajardo, Alex",Bano nuevo,25,1,2017/03/21,1,bare soil,,,,14,,Acaena integerrima,5
83,Chile,"Fajardo, Alex",Bano nuevo,25,1,2017/03/21,1,bare soil,,,,14,,Viola maculata,1
83,Chile,"Fajardo, Alex",Bano nuevo,25,1,2017/03/21,1,bare soil,,,,14,,Festuca pyrogea,1
83,Chile,"Fajardo, Alex",Bano nuevo,25,1,2017/03/21,2,Festuca pallescens,40,40,1257,8,,Hordeum murinum,5
83,Chile,"Fajardo, Alex",Bano nuevo,25,1,2017/03/21,2,Festuca pallescens,40,40,1257,8,,Festuca pyrogea,5
83,Chile,"Fajardo, Alex",Bano nuevo,25,1,2017/03/21,1,bare soil,,,,8,,Festuca pyrogea,5
83,Chile,"Fajardo, Alex",Bano nuevo,25,1,2017/03/21,2,Festuca pallescens,40,40,1257,9,,Hordeum murinum,1
83,Chile,"Fajardo, Alex",Bano nuevo,25,1,2017/03/21,1,bare soil,,,,9,,Festuca pyrogea,15
83,Chile,"Fajardo, Alex",Bano nuevo,25,1,2017/03/21,2,Acaena integerrima,40,45,1414,15,,Festuca pyrogea,15
83,Chile,"Fajardo, Alex",Bano nuevo,25,1,2017/03/21,2,Acaena integerrima,40,45,1414,15,,Viola maculata,1
83,Chile,"Fajardo, Alex",Bano nuevo,25,1,2017/03/21,1,bare soil,,,,15,,Taraxacum officinale,1
83,Chile,"Fajardo, Alex",Bano nuevo,25,1,2017/03/21,1,bare soil,,,,15,,Acaena integerrima,1
83,Chile,"Fajardo, Alex",Bano nuevo,25,1,2017/03/21,1,bare soil,,,,15,,Festuca pyrogea,5
83,Chile,"Fajardo, Alex",Bano nuevo,25,1,2017/03/21,2,Acaena integerrima,50,45,1767,16,,Festuca pyrogea,10
83,Chile,"Fajardo, Alex",Bano nuevo,25,1,2017/03/21,2,Acaena integerrima,50,45,1767,16,,Viola maculata,1
83,Chile,"Fajardo, Alex",Bano nuevo,25,1,2017/03/21,2,Acaena integerrima,50,45,1767,16,,Hordeum murinum,5
83,Chile,"Fajardo, Alex",Bano nuevo,25,1,2017/03/21,1,bare soil,,,,16,,Festuca pyrogea,5
83,Chile,"Fajardo, Alex",Bano nuevo,25,1,2017/03/21,1,bare soil,,,,16,,Viola maculata,5
83,Chile,"Fajardo, Alex",Bano nuevo,25,1,2017/03/21,2,Acaena integerrima,40,40,1257,17,,Festuca pallescens,15
83,Chile,"Fajardo, Alex",Bano nuevo,25,1,2017/03/21,2,Acaena integerrima,40,40,1257,17,,Viola maculata,1
83,Chile,"Fajardo, Alex",Bano nuevo,25,1,2017/03/21,1,bare soil,,,,17,,Viola maculata,5
83,Chile,"Fajardo, Alex",Bano nuevo,25,1,2017/03/21,1,bare soil,,,,17,,Acaena integerrima,1
83,Chile,"Fajardo, Alex",Bano nuevo,25,1,2017/03/21,2,Festuca pallescens,40,35,1100,10,,Festuca pyrogea,15
83,Chile,"Fajardo, Alex",Bano nuevo,25,1,2017/03/21,2,Festuca pallescens,40,35,1100,10,,Acaena integerrima,5
83,Chile,"Fajardo, Alex",Bano nuevo,25,1,2017/03/21,2,Festuca pallescens,40,35,1100,10,,Cerastium arvense,5
83,Chile,"Fajardo, Alex",Bano nuevo,25,1,2017/03/21,1,bare soil,,,,10,,Viola maculata,5
83,Chile,"Fajardo, Alex",Bano nuevo,25,1,2017/03/21,1,bare soil,,,,10,,Festuca pyrogea,1
83,Chile,"Fajardo, Alex",Bano nuevo,25,1,2017/03/21,1,bare soil,,,,10,,Acaena integerrima,1
83,Chile,"Fajardo, Alex",Bano nuevo,25,1,2017/03/21,2,Acaena integerrima,50,40,1571,18,,Senecio sericeo-nitens,5
83,Chile,"Fajardo, Alex",Bano nuevo,25,1,2017/03/21,2,Acaena integerrima,50,40,1571,18,,Festuca pyrogea,5
83,Chile,"Fajardo, Alex",Bano nuevo,25,1,2017/03/21,1,bare soil,,,,18,,Acaena integerrima,5
83,Chile,"Fajardo, Alex",Bano nuevo,25,1,2017/03/21,1,bare soil,,,,18,,Festuca pyrogea,5
83,Chile,"Fajardo, Alex",Bano nuevo,25,1,2017/03/21,1,bare soil,,,,18,,Viola maculata,5
83,Chile,"Fajardo, Alex",Bano nuevo,25,1,2017/03/21,2,Acaena integerrima,50,60,2356,19,,Cerastium arvense,5
83,Chile,"Fajardo, Alex",Bano nuevo,25,1,2017/03/21,2,Acaena integerrima,50,60,2356,19,,Festuca pyrogea,5
83,Chile,"Fajardo, Alex",Bano nuevo,25,1,2017/03/21,2,Acaena integerrima,50,60,2356,19,,Festuca pallescens,15
83,Chile,"Fajardo, Alex",Bano nuevo,25,1,2017/03/21,1,bare soil,,,,19,,Festuca pyrogea,5
83,Chile,"Fajardo, Alex",Bano nuevo,25,1,2017/03/21,1,bare soil,,,,19,,Acaena integerrima,5
83,Chile,"Fajardo, Alex",Bano nuevo,25,1,2017/03/21,2,Acaena integerrima,60,60,2827,20,,Festuca pyrogea,10
83,Chile,"Fajardo, Alex",Bano nuevo,25,1,2017/03/21,2,Acaena integerrima,60,60,2827,20,,Festuca pallescens,10
83,Chile,"Fajardo, Alex",Bano nuevo,25,1,2017/03/21,2,Acaena integerrima,60,60,2827,20,,Viola maculata,5
83,Chile,"Fajardo, Alex",Bano nuevo,25,1,2017/03/21,2,Acaena integerrima,60,60,2827,20,,Cerastium arvense,5
83,Chile,"Fajardo, Alex",Bano nuevo,25,1,2017/03/21,1,bare soil,,,,20,,Taraxacum officinale,1
83,Chile,"Fajardo, Alex",Bano nuevo,25,1,2017/03/21,1,bare soil,,,,20,,Festuca pyrogea,5
83,Chile,"Fajardo, Alex",Bano nuevo,25,1,2017/03/21,1,bare soil,,,,20,,Acaena integerrima,1
83,Chile,"Fajardo, Alex",Bano nuevo,25,1,2017/03/21,1,bare soil,,,,20,,Viola maculata,1
83,Chile,"Fajardo, Alex",Bano nuevo,25,1,2017/03/21,2,Acaena integerrima,40,50,1571,21,,Festuca pyrogea,10
83,Chile,"Fajardo, Alex",Bano nuevo,25,1,2017/03/21,2,Acaena integerrima,40,50,1571,21,,Viola maculata,5
83,Chile,"Fajardo, Alex",Bano nuevo,25,1,2017/03/21,1,bare soil,,,,21,,Acaena pinnatifida,1
83,Chile,"Fajardo, Alex",Bano nuevo,25,1,2017/03/21,1,bare soil,,,,21,,Festuca pyrogea,5
83,Chile,"Fajardo, Alex",Bano nuevo,25,1,2017/03/21,2,Acaena integerrima,130,140,14294,22,,Festuca pallescens,10
83,Chile,"Fajardo, Alex",Bano nuevo,25,1,2017/03/21,2,Acaena integerrima,130,140,14294,22,,Festuca pyrogea,5
83,Chile,"Fajardo, Alex",Bano nuevo,25,1,2017/03/21,1,bare soil,,,,22,1,Viola maculata,5
83,Chile,"Fajardo, Alex",Bano nuevo,25,1,2017/03/22,1,bare soil,,,,22,1,Festuca pyrogea,5
83,Chile,"Fajardo, Alex",Bano nuevo,25,1,2017/03/21,1,bare soil,,,,22,1,Acaena integerrima,3
83,Chile,"Fajardo, Alex",Bano nuevo,25,1,2017/03/22,1,bare soil,,,,22,2,Acaena integerrima,5
83,Chile,"Fajardo, Alex",Bano nuevo,25,1,2017/03/23,1,bare soil,,,,22,2,Festuca pyrogea,5
83,Chile,"Fajardo, Alex",Bano nuevo,25,1,2017/03/24,1,bare soil,,,,22,2,Viola maculata,1
83,Chile,"Fajardo, Alex",Bano nuevo,25,1,2017/03/21,2,Acaena integerrima,80,40,2513,23,,Cerastium arvense,1
83,Chile,"Fajardo, Alex",Bano nuevo,25,1,2017/03/21,2,Acaena integerrima,80,40,2513,23,,Viola maculata,1
83,Chile,"Fajardo, Alex",Bano nuevo,25,1,2017/03/21,2,Acaena integerrima,80,40,2513,23,,Festuca pyrogea,5
83,Chile,"Fajardo, Alex",Bano nuevo,25,1,2017/03/21,1,bare soil,,,,23,,Festuca pyrogea,5
83,Chile,"Fajardo, Alex",Bano nuevo,25,1,2017/03/21,1,bare soil,,,,23,,Acaena pinnatifida,1
83,Chile,"Fajardo, Alex",Bano nuevo,25,1,2017/03/21,1,bare soil,,,,23,,Cerastium arvense,1
83,Chile,"Fajardo, Alex",Bano nuevo,25,1,2017/03/21,1,bare soil,,,,23,,Viola maculata,1
83,Chile,"Fajardo, Alex",Bano nuevo,25,1,2017/03/21,2,Acaena integerrima,120,125,11781,24,,Festuca pallescens,10
83,Chile,"Fajardo, Alex",Bano nuevo,25,1,2017/03/21,2,Acaena integerrima,120,125,11781,24,,Viola maculata,5
83,Chile,"Fajardo, Alex",Bano nuevo,25,1,2017/03/21,1,bare soil,,,,24,1,Acaena integerrima,5
83,Chile,"Fajardo, Alex",Bano nuevo,25,1,2017/03/22,1,bare soil,,,,24,2,Acaena integerrima,2
83,Chile,"Fajardo, Alex",Bano nuevo,25,1,2017/03/21,2,Acaena integerrima,60,65,3063,25,,Festuca pallescens,10
83,Chile,"Fajardo, Alex",Bano nuevo,25,1,2017/03/21,2,Acaena integerrima,60,65,3063,25,,Festuca pyrogea,5
83,Chile,"Fajardo, Alex",Bano nuevo,25,1,2017/03/21,2,Acaena integerrima,60,65,3063,25,,Viola maculata,1
83,Chile,"Fajardo, Alex",Bano nuevo,25,1,2017/03/21,1,bare soil,,,,25,,Festuca pyrogea,5
83,Chile,"Fajardo, Alex",Bano nuevo,25,1,2017/03/21,1,bare soil,,,,25,,Acaena integerrima,5
83,Chile,"Fajardo, Alex",Bano nuevo,25,1,2017/03/21,2,Festuca pallescens,80,30,1885,11,,Acaena integerrima,15
83,Chile,"Fajardo, Alex",Bano nuevo,25,1,2017/03/21,2,Festuca pallescens,80,30,1885,11,,Festuca pyrogea,15
83,Chile,"Fajardo, Alex",Bano nuevo,25,1,2017/03/21,2,Festuca pallescens,80,30,1885,11,,Viola maculata,1
83,Chile,"Fajardo, Alex",Bano nuevo,25,1,2017/03/21,2,Festuca pallescens,80,30,1885,11,,Taraxacum officinale,1
83,Chile,"Fajardo, Alex",Bano nuevo,25,1,2017/03/21,1,bare soil,,,,11,,Acaena integerrima,5
83,Chile,"Fajardo, Alex",Bano nuevo,25,1,2017/03/21,1,bare soil,,,,11,,Festuca pyrogea,5
83,Chile,"Fajardo, Alex",Bano nuevo,25,1,2017/03/21,2,Festuca pallescens,70,30,1649,12,,Acaena integerrima,10
83,Chile,"Fajardo, Alex",Bano nuevo,25,1,2017/03/21,2,Festuca pallescens,70,30,1649,12,,Festuca pyrogea,10
83,Chile,"Fajardo, Alex",Bano nuevo,25,1,2017/03/21,1,bare soil,,,,12,,Acaena integerrima,5
83,Chile,"Fajardo, Alex",Bano nuevo,25,1,2017/03/21,1,bare soil,,,,12,,Festuca pyrogea,5
83,Chile,"Fajardo, Alex",Bano nuevo,25,1,2017/03/21,1,bare soil,,,,12,,Acaena pinnatifida,5
83,Chile,"Fajardo, Alex",Bano nuevo,25,1,2017/03/21,2,Festuca pallescens,30,40,942,13,,Festuca pyrogea,1
83,Chile,"Fajardo, Alex",Bano nuevo,25,1,2017/03/21,2,Festuca pallescens,30,40,942,13,,Cerastium arvense,1
83,Chile,"Fajardo, Alex",Bano nuevo,25,1,2017/03/21,1,bare soil,,,,13,,Acaena integerrima,5
83,Chile,"Fajardo, Alex",Bano nuevo,25,1,2017/03/21,1,bare soil,,,,13,,Festuca pyrogea,1
83,Chile,"Fajardo, Alex",Bano nuevo,25,1,2017/03/21,2,Festuca pallescens,65,45,2297,14,,Festuca pyrogea,10
83,Chile,"Fajardo, Alex",Bano nuevo,25,1,2017/03/21,1,bare soil,,,,14,,Viola maculata,5
83,Chile,"Fajardo, Alex",Bano nuevo,25,1,2017/03/21,1,bare soil,,,,14,,Acaena integerrima,1
83,Chile,"Fajardo, Alex",Bano nuevo,25,1,2017/03/21,2,Festuca pallescens,40,30,942,15,,Viola maculata,15
83,Chile,"Fajardo, Alex",Bano nuevo,25,1,2017/03/21,2,Festuca pallescens,40,30,942,15,,Festuca pyrogea,5
83,Chile,"Fajardo, Alex",Bano nuevo,25,1,2017/03/21,1,bare soil,,,,15,,Acaena integerrima,5
83,Chile,"Fajardo, Alex",Bano nuevo,25,1,2017/03/21,1,bare soil,,,,15,,Viola maculata,1
83,Chile,"Fajardo, Alex",Bano nuevo,25,1,2017/03/21,2,Festuca pallescens,70,35,1924,16,,Viola maculata,5
83,Chile,"Fajardo, Alex",Bano nuevo,25,1,2017/03/21,1,bare soil,,,,16,,Acaena integerrima,10
83,Chile,"Fajardo, Alex",Bano nuevo,25,1,2017/03/21,2,Festuca pallescens,70,40,2199,17,,Festuca pyrogea,5
83,Chile,"Fajardo, Alex",Bano nuevo,25,1,2017/03/21,2,Festuca pallescens,70,40,2199,17,,Viola maculata,1
83,Chile,"Fajardo, Alex",Bano nuevo,25,1,2017/03/21,2,Festuca pallescens,70,40,2199,17,,Acaena pinnatifida,5
83,Chile,"Fajardo, Alex",Bano nuevo,25,1,2017/03/21,2,Festuca pallescens,70,40,2199,17,,Acaena integerrima,1
83,Chile,"Fajardo, Alex",Bano nuevo,25,1,2017/03/21,1,bare soil,,,,17,,Acaena integerrima,1
83,Chile,"Fajardo, Alex",Bano nuevo,25,1,2017/03/21,1,bare soil,,,,17,,Festuca pyrogea,1
83,Chile,"Fajardo, Alex",Bano nuevo,25,1,2017/03/21,2,Festuca pallescens,40,35,1100,18,,Festuca pyrogea,15
83,Chile,"Fajardo, Alex",Bano nuevo,25,1,2017/03/21,2,Festuca pallescens,40,35,1100,18,,Cerastium arvense,5
83,Chile,"Fajardo, Alex",Bano nuevo,25,1,2017/03/21,1,bare soil,,,,18,,Nassauvia darwinii,10
83,Chile,"Fajardo, Alex",Bano nuevo,25,1,2017/03/21,1,bare soil,,,,18,,Acaena integerrima,5
83,Chile,"Fajardo, Alex",Bano nuevo,25,1,2017/03/21,1,bare soil,,,,18,,Festuca pyrogea,5
83,Chile,"Fajardo, Alex",Bano nuevo,25,1,2017/03/21,2,Festuca pallescens,50,40,1571,19,,Nassauvia darwinii,5
83,Chile,"Fajardo, Alex",Bano nuevo,25,1,2017/03/21,2,Festuca pallescens,50,40,1571,19,,Festuca pyrogea,5
83,Chile,"Fajardo, Alex",Bano nuevo,25,1,2017/03/21,2,Festuca pallescens,50,40,1571,19,,Cerastium arvense,1
83,Chile,"Fajardo, Alex",Bano nuevo,25,1,2017/03/21,1,bare soil,,,,19,,Acaena integerrima,5
83,Chile,"Fajardo, Alex",Bano nuevo,25,1,2017/03/21,1,bare soil,,,,19,,Festuca pyrogea,1
83,Chile,"Fajardo, Alex",Bano nuevo,25,1,2017/03/21,2,Festuca pallescens,50,50,1963,20,,Festuca pyrogea,10
83,Chile,"Fajardo, Alex",Bano nuevo,25,1,2017/03/21,1,bare soil,50,50,1963,20,,Acaena integerrima,5
83,Chile,"Fajardo, Alex",Bano nuevo,25,1,2017/03/21,1,bare soil,50,50,1963,20,,Festuca pyrogea,5
83,Chile,"Fajardo, Alex",Bano nuevo,25,1,2017/03/21,1,bare soil,50,50,1963,20,,Taraxacum officinale,1
83,Chile,"Fajardo, Alex",Bano nuevo,25,1,2017/03/21,2,Festuca pallescens,60,80,3770,21,,Festuca pyrogea,10
83,Chile,"Fajardo, Alex",Bano nuevo,25,1,2017/03/21,2,Festuca pallescens,60,80,3770,21,,Acaena integerrima,10
83,Chile,"Fajardo, Alex",Bano nuevo,25,1,2017/03/21,2,Festuca pallescens,60,80,3770,21,,Viola maculata,1
83,Chile,"Fajardo, Alex",Bano nuevo,25,1,2017/03/21,1,bare soil,,,,21,1,Acaena integerrima,10
83,Chile,"Fajardo, Alex",Bano nuevo,25,1,2017/03/21,1,bare soil,,,,21,1,Festuca pyrogea,10
83,Chile,"Fajardo, Alex",Bano nuevo,25,1,2017/03/21,1,bare soil,,,,21,1,Viola maculata,1
83,Chile,"Fajardo, Alex",Bano nuevo,25,1,2017/03/21,1,bare soil,,,,21,2,Acaena integerrima,5
83,Chile,"Fajardo, Alex",Bano nuevo,25,1,2017/03/21,1,bare soil,,,,21,2,Festuca pyrogea,5
83,Chile,"Fajardo, Alex",Bano nuevo,25,1,2017/03/21,2,Festuca pallescens,70,35,1924,22,,Acaena integerrima,15
83,Chile,"Fajardo, Alex",Bano nuevo,25,1,2017/03/21,2,Festuca pallescens,70,35,1924,22,,Festuca pyrogea,10
83,Chile,"Fajardo, Alex",Bano nuevo,25,1,2017/03/21,2,Festuca pallescens,70,35,1924,22,,Viola maculata,5
83,Chile,"Fajardo, Alex",Bano nuevo,25,1,2017/03/21,2,Festuca pallescens,70,35,1924,22,,Cerastium arvense,5
83,Chile,"Fajardo, Alex",Bano nuevo,25,1,2017/03/21,1,bare soil,,,,22,,Festuca pyrogea,10
83,Chile,"Fajardo, Alex",Bano nuevo,25,1,2017/03/21,2,Festuca pallescens,50,40,1571,23,,Nassauvia darwinii,10
83,Chile,"Fajardo, Alex",Bano nuevo,25,1,2017/03/21,2,Festuca pallescens,50,40,1571,23,,Viola maculata,5
83,Chile,"Fajardo, Alex",Bano nuevo,25,1,2017/03/21,1,bare soil,,,,23,,Taraxacum officinale,1
83,Chile,"Fajardo, Alex",Bano nuevo,25,1,2017/03/21,1,bare soil,,,,23,,Nassauvia darwinii,1
83,Chile,"Fajardo, Alex",Bano nuevo,25,1,2017/03/21,1,bare soil,,,,23,,Festuca pyrogea,5
83,Chile,"Fajardo, Alex",Bano nuevo,25,1,2017/03/21,2,Festuca pallescens,30,35,825,24,,Nassauvia darwinii,10
83,Chile,"Fajardo, Alex",Bano nuevo,25,1,2017/03/21,2,Festuca pallescens,30,35,825,24,,Luzula alopecurus,5
83,Chile,"Fajardo, Alex",Bano nuevo,25,1,2017/03/21,2,Festuca pallescens,30,35,825,24,,Festuca pyrogea,5
83,Chile,"Fajardo, Alex",Bano nuevo,25,1,2017/03/21,1,bare soil,,,,24,,Nassauvia darwinii,10
83,Chile,"Fajardo, Alex",Bano nuevo,25,1,2017/03/21,1,bare soil,,,,24,,Festuca pyrogea,5
83,Chile,"Fajardo, Alex",Bano nuevo,25,1,2017/03/21,1,bare soil,,,,24,,Acaena pinnatifida,1
83,Chile,"Fajardo, Alex",Bano nuevo,25,1,2017/03/21,1,bare soil,,,,24,,Acaena integerrima,1
83,Chile,"Fajardo, Alex",Bano nuevo,25,1,2017/03/21,2,Festuca pallescens,40,40,1257,25,,Nassauvia darwinii,15
83,Chile,"Fajardo, Alex",Bano nuevo,25,1,2017/03/21,2,Festuca pallescens,40,40,1257,25,,Taraxacum officinale,1
83,Chile,"Fajardo, Alex",Bano nuevo,25,1,2017/03/21,2,Festuca pallescens,40,40,1257,25,,Festuca pyrogea,5
83,Chile,"Fajardo, Alex",Bano nuevo,25,1,2017/03/21,1,bare soil,,,,25,,Festuca pyrogea,5
83,Chile,"Fajardo, Alex",Bano nuevo,25,1,2017/03/21,1,bare soil,,,,25,,Acaena integerrima,1
83,Chile,"Fajardo, Alex",Bano nuevo,25,1,2017/03/21,1,bare soil,,,,25,,Cerastium arvense,1
83,Chile,"Fajardo, Alex",Bano nuevo,25,1,2017/03/21,1,bare soil,,,,25,,Nassauvia darwinii,5
83,Chile,"Fajardo, Alex",Bano nuevo,25,1,2017/03/21,1,bare soil,,,,25,,Viola maculata,1
84,Chile,"Fajardo, Alex",Bano nuevo,25,2,2017/03/21,2,Festuca pallescens,60,40,1885,1,,Taraxacum officinale,5
84,Chile,"Fajardo, Alex",Bano nuevo,25,2,2017/03/21,2,Festuca pallescens,60,40,1885,1,,Festuca pyrogea,1
84,Chile,"Fajardo, Alex",Bano nuevo,25,2,2017/03/21,2,Festuca pallescens,60,40,1885,1,,Viola maculata,5
84,Chile,"Fajardo, Alex",Bano nuevo,25,2,2017/03/21,2,Festuca pallescens,60,40,1885,1,,Cerastium arvense,5
84,Chile,"Fajardo, Alex",Bano nuevo,25,2,2017/03/21,1,bare soil,,,,1,,Nassauvia darwinii,5
84,Chile,"Fajardo, Alex",Bano nuevo,25,2,2017/03/21,1,bare soil,,,,1,,Acaena integerrima,5
84,Chile,"Fajardo, Alex",Bano nuevo,25,2,2017/03/21,2,Festuca pallescens,50,50,1963,2,,Cerastium arvense,5
84,Chile,"Fajardo, Alex",Bano nuevo,25,2,2017/03/21,2,Festuca pallescens,50,50,1963,2,,Viola maculata,1
84,Chile,"Fajardo, Alex",Bano nuevo,25,2,2017/03/21,1,bare soil,,,,2,,Acaena integerrima,5
84,Chile,"Fajardo, Alex",Bano nuevo,25,2,2017/03/21,2,Festuca pallescens,70,50,2749,3,,Acaena pinnatifida,5
84,Chile,"Fajardo, Alex",Bano nuevo,25,2,2017/03/21,2,Festuca pallescens,70,50,2749,3,,Festuca pyrogea,5
84,Chile,"Fajardo, Alex",Bano nuevo,25,2,2017/03/21,2,Festuca pallescens,70,50,2749,3,,Viola maculata,1
84,Chile,"Fajardo, Alex",Bano nuevo,25,2,2017/03/21,1,bare soil,,,,3,,Festuca pyrogea,5
84,Chile,"Fajardo, Alex",Bano nuevo,25,2,2017/03/21,2,Festuca pallescens,70,50,2749,4,,Molinum spinosum,5
84,Chile,"Fajardo, Alex",Bano nuevo,25,2,2017/03/21,2,Festuca pallescens,70,50,2749,4,,Festuca pyrogea,5
84,Chile,"Fajardo, Alex",Bano nuevo,25,2,2017/03/21,1,bare soil,,,,4,,Nassauvia darwinii,1
84,Chile,"Fajardo, Alex",Bano nuevo,25,2,2017/03/21,1,bare soil,,,,4,,Festuca pyrogea,5
84,Chile,"Fajardo, Alex",Bano nuevo,25,2,2017/03/21,2,Mulinum spinosum,40,50,1571,1,,Festuca pyrogea,10
84,Chile,"Fajardo, Alex",Bano nuevo,25,2,2017/03/21,2,Mulinum spinosum,40,50,1571,1,,Viola maculata,5
84,Chile,"Fajardo, Alex",Bano nuevo,25,2,2017/03/21,1,bare soil,,,,1,,Acaena integerrima,5
84,Chile,"Fajardo, Alex",Bano nuevo,25,2,2017/03/21,1,bare soil,,,,1,,Festuca pyrogea,5
84,Chile,"Fajardo, Alex",Bano nuevo,25,2,2017/03/21,2,Festuca pallescens,70,40,2199,5,,Viola maculata,5
84,Chile,"Fajardo, Alex",Bano nuevo,25,2,2017/03/21,1,bare soil,,,,5,,Festuca pyrogea,5
84,Chile,"Fajardo, Alex",Bano nuevo,25,2,2017/03/21,2,Festuca pallescens,70,80,4398,6,,Viola maculata,5
84,Chile,"Fajardo, Alex",Bano nuevo,25,2,2017/03/21,2,Festuca pallescens,70,80,4398,6,,Taraxacum officinale,1
84,Chile,"Fajardo, Alex",Bano nuevo,25,2,2017/03/21,1,bare soil,,,,6,,Mulinum spinosum,1
84,Chile,"Fajardo, Alex",Bano nuevo,25,2,2017/03/21,1,bare soil,,,,6,,Festuca pyrogea,5
84,Chile,"Fajardo, Alex",Bano nuevo,25,2,2017/03/21,1,bare soil,,,,6,,Calceolaria biflora,5
84,Chile,"Fajardo, Alex",Bano nuevo,25,2,2017/03/21,2,Mulinum spinosum,110,100,8639,2,,Festuca pallescens,10
84,Chile,"Fajardo, Alex",Bano nuevo,25,2,2017/03/21,2,Mulinum spinosum,110,100,8639,2,,Festuca pyrogea,5
84,Chile,"Fajardo, Alex",Bano nuevo,25,2,2017/03/21,1,bare soil,,,,2,,Festuca pyrogea,<5
84,Chile,"Fajardo, Alex",Bano nuevo,25,2,2017/03/21,2,Mulinum spinosum,50,40,1571,3,,Elymus repens,5
84,Chile,"Fajardo, Alex",Bano nuevo,25,2,2017/03/21,1,bare soil,,,,3,,Acaena integerrima,5
84,Chile,"Fajardo, Alex",Bano nuevo,25,2,2017/03/21,1,bare soil,,,,3,,Festuca pyrogea,5
84,Chile,"Fajardo, Alex",Bano nuevo,25,2,2017/03/21,2,Mulinum spinosum,40,40,1257,4,,Elymus repens,5
84,Chile,"Fajardo, Alex",Bano nuevo,25,2,2017/03/21,2,Mulinum spinosum,40,40,1257,4,,Nassauvia darwinii,1
84,Chile,"Fajardo, Alex",Bano nuevo,25,2,2017/03/21,2,Mulinum spinosum,40,40,1257,4,,Cerastium arvense,5
84,Chile,"Fajardo, Alex",Bano nuevo,25,2,2017/03/21,1,bare soil,,,,4,,Festuca pyrogea,5
84,Chile,"Fajardo, Alex",Bano nuevo,25,2,2017/03/21,2,Mulinum spinosum,60,40,1885,5,,Festuca pallescens,10
84,Chile,"Fajardo, Alex",Bano nuevo,25,2,2017/03/21,2,Mulinum spinosum,60,40,1885,5,,Festuca pyrogea,5
84,Chile,"Fajardo, Alex",Bano nuevo,25,2,2017/03/21,1,bare soil,,,,5,,Mulinum spinosum,5
84,Chile,"Fajardo, Alex",Bano nuevo,25,2,2017/03/21,1,bare soil,,,,5,,Festuca pyrogea,5
84,Chile,"Fajardo, Alex",Bano nuevo,25,2,2017/03/21,2,Mulinum spinosum,60,80,3770,6,,Festuca pallescens,5
84,Chile,"Fajardo, Alex",Bano nuevo,25,2,2017/03/21,1,bare soil,,,,6,,Festuca pyrogea,10
84,Chile,"Fajardo, Alex",Bano nuevo,25,2,2017/03/21,1,bare soil,,,,6,,Viola maculata,1
84,Chile,"Fajardo, Alex",Bano nuevo,25,2,2017/03/21,1,bare soil,,,,6,,Mulinum spinosum,1
84,Chile,"Fajardo, Alex",Bano nuevo,25,2,2017/03/21,2,Mulinum spinosum,120,125,11781,7,,Festuca pallescens,10
84,Chile,"Fajardo, Alex",Bano nuevo,25,2,2017/03/21,2,Mulinum spinosum,120,125,11781,7,,Acaena pinnatifida,1
84,Chile,"Fajardo, Alex",Bano nuevo,25,2,2017/03/21,2,Mulinum spinosum,120,125,11781,7,,Galium fuegianum,1
84,Chile,"Fajardo, Alex",Bano nuevo,25,2,2017/03/21,1,bare soil,,,,7,1,Mulinum spinosum,5
84,Chile,"Fajardo, Alex",Bano nuevo,25,2,2017/03/21,1,bare soil,,,,7,2,Festuca pyrogea,5
84,Chile,"Fajardo, Alex",Bano nuevo,25,2,2017/03/21,1,bare soil,,,,7,2,Mulinum spinosum,1
84,Chile,"Fajardo, Alex",Bano nuevo,25,2,2017/03/21,1,bare soil,,,,7,2,Calceolaria biflora,1
84,Chile,"Fajardo, Alex",Bano nuevo,25,2,2017/03/21,2,Festuca pallescens,70,40,2199,7,,Festuca pyrogea,5
84,Chile,"Fajardo, Alex",Bano nuevo,25,2,2017/03/21,2,Festuca pallescens,70,40,2199,7,,Galium fuegianum,5
84,Chile,"Fajardo, Alex",Bano nuevo,25,2,2017/03/21,1,bare soil,,,,7,,Festuca pyrogea,5
84,Chile,"Fajardo, Alex",Bano nuevo,25,2,2017/03/21,2,Mulinum spinosum,50,50,1963,8,,Festuca pallescens,10
84,Chile,"Fajardo, Alex",Bano nuevo,25,2,2017/03/21,1,bare soil,,,,8,,Nassauvia darwinii,10
84,Chile,"Fajardo, Alex",Bano nuevo,25,2,2017/03/21,1,bare soil,,,,8,,Festuca pyrogea,5
84,Chile,"Fajardo, Alex",Bano nuevo,25,2,2017/03/21,2,Mulinum spinosum,40,40,1257,9,,Festuca pyrogea,10
84,Chile,"Fajardo, Alex",Bano nuevo,25,2,2017/03/21,1,bare soil,,,,9,,Nassauvia darwinii,1
84,Chile,"Fajardo, Alex",Bano nuevo,25,2,2017/03/21,2,Festuca pallescens,50,30,1178,8,,Nassauvia darwinii,1
84,Chile,"Fajardo, Alex",Bano nuevo,25,2,2017/03/21,2,Festuca pallescens,50,30,1178,8,,Festuca pyrogea,5
84,Chile,"Fajardo, Alex",Bano nuevo,25,2,2017/03/21,1,bare soil,,,,8,,Nassauvia darwinii,5
84,Chile,"Fajardo, Alex",Bano nuevo,25,2,2017/03/21,2,Mulinum spinosum,50,40,1571,10,,Festuca pallescens,20
84,Chile,"Fajardo, Alex",Bano nuevo,25,2,2017/03/21,2,Mulinum spinosum,50,40,1571,10,,Festuca pyrogea,1
84,Chile,"Fajardo, Alex",Bano nuevo,25,2,2017/03/21,2,Mulinum spinosum,50,40,1571,10,,Viola maculata,1
84,Chile,"Fajardo, Alex",Bano nuevo,25,2,2017/03/21,1,bare soil,,,,10,,Nassauvia darwinii,5
84,Chile,"Fajardo, Alex",Bano nuevo,25,2,2017/03/21,1,bare soil,,,,10,,Festuca pyrogea,1
84,Chile,"Fajardo, Alex",Bano nuevo,25,2,2017/03/21,2,Festuca pallescens,60,60,2827,9,,Festuca pyrogea,5
84,Chile,"Fajardo, Alex",Bano nuevo,25,2,2017/03/21,1,bare soil,,,,9,,Senecio sericeo-nitens,1
84,Chile,"Fajardo, Alex",Bano nuevo,25,2,2017/03/21,1,bare soil,,,,9,,Galium fuegianum,1
84,Chile,"Fajardo, Alex",Bano nuevo,25,2,2017/03/21,2,Mulinum spinosum,80,60,3770,11,,Festuca pallescens,15
84,Chile,"Fajardo, Alex",Bano nuevo,25,2,2017/03/21,1,bare soil,,,,11,,-,0
84,Chile,"Fajardo, Alex",Bano nuevo,25,2,2017/03/21,2,Festuca pallescens,70,40,2199,11,,Mulinum spinosum,1
84,Chile,"Fajardo, Alex",Bano nuevo,25,2,2017/03/21,2,Festuca pallescens,70,40,2199,11,,Festuca pyrogea,5
84,Chile,"Fajardo, Alex",Bano nuevo,25,2,2017/03/21,1,bare soil,,,,11,,Elymus repens,5
84,Chile,"Fajardo, Alex",Bano nuevo,25,2,2017/03/21,2,Mulinum spinosum,70,60,3299,12,,Festuca pallescens,5
84,Chile,"Fajardo, Alex",Bano nuevo,25,2,2017/03/21,2,Mulinum spinosum,70,60,3299,12,,Festuca pyrogea,5
84,Chile,"Fajardo, Alex",Bano nuevo,25,2,2017/03/21,1,bare soil,,,,12,,Festuca pyrogea,1
84,Chile,"Fajardo, Alex",Bano nuevo,25,2,2017/03/21,2,Mulinum spinosum,60,60,2827,13,,Festuca pyrogea,5
84,Chile,"Fajardo, Alex",Bano nuevo,25,2,2017/03/21,1,bare soil,,,,13,,Nassauvia darwinii,5
84,Chile,"Fajardo, Alex",Bano nuevo,25,2,2017/03/21,2,Festuca pallescens,60,40,1885,12,,Hypochaeris incana,5
84,Chile,"Fajardo, Alex",Bano nuevo,25,2,2017/03/21,2,Festuca pallescens,60,40,1885,12,,Nassauvia darwinii,5
84,Chile,"Fajardo, Alex",Bano nuevo,25,2,2017/03/21,1,bare soil,,,,12,,-,0
84,Chile,"Fajardo, Alex",Bano nuevo,25,2,2017/03/21,2,Mulinum spinosum,70,70,3848,14,,Festuca pyrogea,5
84,Chile,"Fajardo, Alex",Bano nuevo,25,2,2017/03/21,2,Mulinum spinosum,70,70,3848,14,,Festuca pallescens,5
84,Chile,"Fajardo, Alex",Bano nuevo,25,2,2017/03/21,2,Mulinum spinosum,70,70,3848,14,,Mulinum spinosum,1
84,Chile,"Fajardo, Alex",Bano nuevo,25,2,2017/03/21,2,Mulinum spinosum,70,70,3848,14,,Hordeum murinum,1
84,Chile,"Fajardo, Alex",Bano nuevo,25,2,2017/03/21,1,bare soil,,,,14,,Acaena integerrima,1
84,Chile,"Fajardo, Alex",Bano nuevo,25,2,2017/03/21,1,bare soil,,,,14,,Festuca pyrogea,5
84,Chile,"Fajardo, Alex",Bano nuevo,25,2,2017/03/21,2,Festuca pallescens,70,60,3299,13,,Festuca pyrogea,10
84,Chile,"Fajardo, Alex",Bano nuevo,25,2,2017/03/21,2,Festuca pallescens,70,60,3299,13,,Viola maculata,1
84,Chile,"Fajardo, Alex",Bano nuevo,25,2,2017/03/21,1,bare soil,,,,13,,Acaena integerrima,1
84,Chile,"Fajardo, Alex",Bano nuevo,25,2,2017/03/21,1,bare soil,,,,13,,Festuca pyrogea,1
84,Chile,"Fajardo, Alex",Bano nuevo,25,2,2017/03/21,2,Mulinum spinosum,140,130,14294,15,,Festuca pallescens,10
84,Chile,"Fajardo, Alex",Bano nuevo,25,2,2017/03/21,1,bare soil,,,,15,1,Mulinum spinosum,10
84,Chile,"Fajardo, Alex",Bano nuevo,25,2,2017/03/21,1,bare soil,,,,15,2,Festuca pyrogea,5
84,Chile,"Fajardo, Alex",Bano nuevo,25,2,2017/03/21,1,bare soil,,,,15,2,Viola maculata,1
84,Chile,"Fajardo, Alex",Bano nuevo,25,2,2017/03/21,2,Mulinum spinosum,130,100,10210,16,,Festuca pallescens,15
84,Chile,"Fajardo, Alex",Bano nuevo,25,2,2017/03/21,2,Mulinum spinosum,130,100,10210,16,,Senecio sericeo-nitens,5
84,Chile,"Fajardo, Alex",Bano nuevo,25,2,2017/03/21,1,bare soil,,,,16,1,Viola maculata,1
84,Chile,"Fajardo, Alex",Bano nuevo,25,2,2017/03/21,1,bare soil,,,,16,2,Festuca pyrogea,1
84,Chile,"Fajardo, Alex",Bano nuevo,25,2,2017/03/21,2,Festuca pallescens,40,40,1257,14,,Festuca pyrogea,5
84,Chile,"Fajardo, Alex",Bano nuevo,25,2,2017/03/21,2,Festuca pallescens,40,40,1257,14,,Nassauvia darwinii,5
84,Chile,"Fajardo, Alex",Bano nuevo,25,2,2017/03/21,1,bare soil,,,,14,,Festuca pyrogea,5
84,Chile,"Fajardo, Alex",Bano nuevo,25,2,2017/03/21,1,bare soil,,,,14,,Elymus repens,5
84,Chile,"Fajardo, Alex",Bano nuevo,25,2,2017/03/21,2,Mulinum spinosum,40,50,1571,17,,Festuca pyrogea,10
84,Chile,"Fajardo, Alex",Bano nuevo,25,2,2017/03/21,2,Mulinum spinosum,40,50,1571,17,,Viola maculata,1
84,Chile,"Fajardo, Alex",Bano nuevo,25,2,2017/03/21,1,bare soil,,,,17,,-,0
84,Chile,"Fajardo, Alex",Bano nuevo,25,2,2017/03/21,2,Festuca pallescens,50,40,1571,15,,Festuca pyrogea,10
84,Chile,"Fajardo, Alex",Bano nuevo,25,2,2017/03/21,1,bare soil,,,,15,,-,0
84,Chile,"Fajardo, Alex",Bano nuevo,25,2,2017/03/21,2,Mulinum spinosum,40,30,942,18,,Calceolaria biflora,5
84,Chile,"Fajardo, Alex",Bano nuevo,25,2,2017/03/21,1,bare soil,,,,18,,Festuca pyrogea,1
84,Chile,"Fajardo, Alex",Bano nuevo,25,2,2017/03/21,2,Mulinum spinosum,45,55,1944,19,,Festuca pyrogea,10
84,Chile,"Fajardo, Alex",Bano nuevo,25,2,2017/03/21,1,bare soil,,,,19,,Taraxacum officinale,1
84,Chile,"Fajardo, Alex",Bano nuevo,25,2,2017/03/21,2,Festuca pallescens,60,40,1885,16,,Calceolaria biflora,1
84,Chile,"Fajardo, Alex",Bano nuevo,25,2,2017/03/21,1,bare soil,,,,16,,Festuca pyrogea,1
84,Chile,"Fajardo, Alex",Bano nuevo,25,2,2017/03/21,1,bare soil,,,,16,,Acaena integerrima,1
84,Chile,"Fajardo, Alex",Bano nuevo,25,2,2017/03/21,2,Festuca pallescens,40,45,1414,17,,Calceolaria biflora,1
84,Chile,"Fajardo, Alex",Bano nuevo,25,2,2017/03/21,2,Festuca pallescens,40,45,1414,17,,Viola maculata,1
84,Chile,"Fajardo, Alex",Bano nuevo,25,2,2017/03/21,2,Festuca pallescens,40,45,1414,17,,Elymus repens,1
84,Chile,"Fajardo, Alex",Bano nuevo,25,2,2017/03/21,1,bare soil,,,,17,,Nassauvia darwinii,3
84,Chile,"Fajardo, Alex",Bano nuevo,25,2,2017/03/21,2,Festuca pallescens,70,50,2749,18,,-,0
84,Chile,"Fajardo, Alex",Bano nuevo,25,2,2017/03/21,1,bare soil,,,,18,,Acaena integerrima,2
84,Chile,"Fajardo, Alex",Bano nuevo,25,2,2017/03/21,1,bare soil,,,,18,,Festuca pyrogea,1
84,Chile,"Fajardo, Alex",Bano nuevo,25,2,2017/03/21,2,Festuca pallescens,30,40,942,19,,Festuca pyrogea,10
84,Chile,"Fajardo, Alex",Bano nuevo,25,2,2017/03/21,2,Festuca pallescens,30,40,942,19,,Acaena integerrima,5
84,Chile,"Fajardo, Alex",Bano nuevo,25,2,2017/03/21,1,bare soil,,,,19,,Festuca pyrogea,1
84,Chile,"Fajardo, Alex",Bano nuevo,25,2,2017/03/21,2,Festuca pallescens,60,50,2356,20,,Holcus lanatus,5
84,Chile,"Fajardo, Alex",Bano nuevo,25,2,2017/03/21,1,bare soil,,,,20,,Festuca pyrogea,1
84,Chile,"Fajardo, Alex",Bano nuevo,25,2,2017/03/21,2,Mulinum spinosum,50,40,1571,20,,Festuca pallescens,10
84,Chile,"Fajardo, Alex",Bano nuevo,25,2,2017/03/21,2,Mulinum spinosum,50,40,1571,20,,Festuca pallescens,1
84,Chile,"Fajardo, Alex",Bano nuevo,25,2,2017/03/21,1,bare soil,,,,20,,-,0
84,Chile,"Fajardo, Alex",Bano nuevo,25,2,2017/03/21,2,Mulinum spinosum,110,105,9071,21,,Festuca pallescens,5
84,Chile,"Fajardo, Alex",Bano nuevo,25,2,2017/03/21,2,Mulinum spinosum,110,105,9071,21,,Viola maculata,1
84,Chile,"Fajardo, Alex",Bano nuevo,25,2,2017/03/21,1,bare soil,,,,21,1,Mulinum spinosum,5
84,Chile,"Fajardo, Alex",Bano nuevo,25,2,2017/03/21,1,bare soil,,,,21,1,Festuca pyrogea,1
84,Chile,"Fajardo, Alex",Bano nuevo,25,2,2017/03/21,1,bare soil,,,,21,2,Festuca pyrogea,5
84,Chile,"Fajardo, Alex",Bano nuevo,25,2,2017/03/21,2,Festuca pallescens,70,40,2199,21,,Cerastium arvense,5
84,Chile,"Fajardo, Alex",Bano nuevo,25,2,2017/03/21,1,bare soil,,,,21,,Mulinum spinosum,1
84,Chile,"Fajardo, Alex",Bano nuevo,25,2,2017/03/21,2,Mulinum spinosum,40,50,1571,22,,Festuca pyrogea,15
84,Chile,"Fajardo, Alex",Bano nuevo,25,2,2017/03/21,2,Mulinum spinosum,40,50,1571,22,,Festuca pallescens,5
84,Chile,"Fajardo, Alex",Bano nuevo,25,2,2017/03/21,1,bare soil,,,,22,,Mulinum spinosum,1
84,Chile,"Fajardo, Alex",Bano nuevo,25,2,2017/03/21,1,bare soil,,,,22,,Festuca pyrogea,1
84,Chile,"Fajardo, Alex",Bano nuevo,25,2,2017/03/21,2,Festuca pallescens,50,60,2356,22,,-,0
84,Chile,"Fajardo, Alex",Bano nuevo,25,2,2017/03/21,1,bare soil,,,,22,,Festuca pyrogea,1
84,Chile,"Fajardo, Alex",Bano nuevo,25,2,2017/03/21,2,Mulinum spinosum,50,40,1571,23,,Festuca pallescens,15
84,Chile,"Fajardo, Alex",Bano nuevo,25,2,2017/03/21,1,bare soil,,,,23,,Mulinum spinosum,5
84,Chile,"Fajardo, Alex",Bano nuevo,25,2,2017/03/21,1,bare soil,,,,23,,Festuca pyrogea,1
84,Chile,"Fajardo, Alex",Bano nuevo,25,2,2017/03/21,1,bare soil,,,,23,,Festuca pallescens,5
84,Chile,"Fajardo, Alex",Bano nuevo,25,2,2017/03/21,2,Festuca pallescens,40,30,942,23,,Festuca pyrogea,5
84,Chile,"Fajardo, Alex",Bano nuevo,25,2,2017/03/21,2,Festuca pallescens,40,30,942,23,,Nassauvia darwinii,5
84,Chile,"Fajardo, Alex",Bano nuevo,25,2,2017/03/21,1,bare soil,,,,23,,Mulinum spinosum,5
84,Chile,"Fajardo, Alex",Bano nuevo,25,2,2017/03/21,1,bare soil,,,,23,,Festuca pyrogea,1
84,Chile,"Fajardo, Alex",Bano nuevo,25,2,2017/03/21,2,Mulinum spinosum,40,55,1728,24,,Festuca pallescens,5
84,Chile,"Fajardo, Alex",Bano nuevo,25,2,2017/03/21,2,Mulinum spinosum,40,55,1728,24,,Galium fuegianum,1
84,Chile,"Fajardo, Alex",Bano nuevo,25,2,2017/03/21,1,bare soil,,,,24,,-,0
84,Chile,"Fajardo, Alex",Bano nuevo,25,2,2017/03/21,2,Festuca pallescens,50,40,1571,24,,Festuca pyrogea,10
84,Chile,"Fajardo, Alex",Bano nuevo,25,2,2017/03/21,1,bare soil,,,,24,,Festuca pyrogea,5
84,Chile,"Fajardo, Alex",Bano nuevo,25,2,2017/03/21,2,Festuca pallescens,50,50,1963,25,,Festuca pyrogea,5
84,Chile,"Fajardo, Alex",Bano nuevo,25,2,2017/03/21,2,Festuca pallescens,50,50,1963,25,,Leucheria candidissima,1
84,Chile,"Fajardo, Alex",Bano nuevo,25,2,2017/03/21,1,bare soil,,,,25,,Festuca pyrogea,10
84,Chile,"Fajardo, Alex",Bano nuevo,25,2,2017/03/21,1,bare soil,,,,25,,Mulinum spinosum,1
84,Chile,"Fajardo, Alex",Bano nuevo,25,2,2017/03/21,2,Mulinum spinosum,40,40,1257,25,,Festuca pallescens,10
84,Chile,"Fajardo, Alex",Bano nuevo,25,2,2017/03/21,2,Mulinum spinosum,40,40,1257,25,,Festuca pyrogea,10
84,Chile,"Fajardo, Alex",Bano nuevo,25,2,2017/03/21,1,bare soil,,,,25,,Festuca pyrogea,10
85,Chile,"Fajardo, Alex",Bano nuevo,25,3,2017/03/21,2,Festuca pallescens,50,35,1374,1,,Festuca pyrogea,10
85,Chile,"Fajardo, Alex",Bano nuevo,25,3,2017/03/21,1,bare soil,,,,1,,Festuca pyrogea,10
85,Chile,"Fajardo, Alex",Bano nuevo,25,3,2017/03/21,2,Mulinum spinosum,110,90,7775,1,,Festuca pallescens,10
85,Chile,"Fajardo, Alex",Bano nuevo,25,3,2017/03/21,2,Mulinum spinosum,110,90,7775,1,,Festuca pyrogea,10
85,Chile,"Fajardo, Alex",Bano nuevo,25,3,2017/03/21,2,Mulinum spinosum,110,90,7775,1,,Senecio sericeo-nitens,1
85,Chile,"Fajardo, Alex",Bano nuevo,25,3,2017/03/21,1,bare soil,,,,1,1,Festuca pyrogea,5
85,Chile,"Fajardo, Alex",Bano nuevo,25,3,2017/03/21,1,bare soil,,,,1,2,Nassauvia darwinii,5
85,Chile,"Fajardo, Alex",Bano nuevo,25,3,2017/03/21,1,bare soil,,,,1,2,Festuca pyrogea,5
85,Chile,"Fajardo, Alex",Bano nuevo,25,3,2017/03/21,2,Mulinum spinosum,60,35,1649,2,,Festuca pyrogea,15
85,Chile,"Fajardo, Alex",Bano nuevo,25,3,2017/03/21,1,bare soil,,,,2,,Festuca pyrogea,10
85,Chile,"Fajardo, Alex",Bano nuevo,25,3,2017/03/21,2,Festuca pallescens,60,40,1885,2,,Holcus lanatus,1
85,Chile,"Fajardo, Alex",Bano nuevo,25,3,2017/03/21,2,Festuca pallescens,60,40,1885,2,,Nassauvia darwinii,1
85,Chile,"Fajardo, Alex",Bano nuevo,25,3,2017/03/21,1,bare soil,,,,2,,Acaena integerrima,15
85,Chile,"Fajardo, Alex",Bano nuevo,25,3,2017/03/21,1,bare soil,,,,2,,Nassauvia darwinii,5
85,Chile,"Fajardo, Alex",Bano nuevo,25,3,2017/03/21,1,bare soil,,,,2,,Viola maculata,1
85,Chile,"Fajardo, Alex",Bano nuevo,25,3,2017/03/21,2,Mulinum spinosum,80,50,3142,3,,Festuca pallescens,10
85,Chile,"Fajardo, Alex",Bano nuevo,25,3,2017/03/21,1,bare soil,,,,3,,Acaena integerrima,1
85,Chile,"Fajardo, Alex",Bano nuevo,25,3,2017/03/21,1,bare soil,,,,3,,Festuca pyrogea,10
85,Chile,"Fajardo, Alex",Bano nuevo,25,3,2017/03/21,2,Mulinum spinosum,50,60,2356,4,,Festuca pallescens,10
85,Chile,"Fajardo, Alex",Bano nuevo,25,3,2017/03/21,2,Mulinum spinosum,50,60,2356,4,,Holcus lanatus,1
85,Chile,"Fajardo, Alex",Bano nuevo,25,3,2017/03/21,1,bare soil,,,,4,,Nassauvia darwinii,5
85,Chile,"Fajardo, Alex",Bano nuevo,25,3,2017/03/21,1,bare soil,,,,4,,Acaena integerrima,5
85,Chile,"Fajardo, Alex",Bano nuevo,25,3,2017/03/21,1,bare soil,,,,4,,Festuca pyrogea,1
85,Chile,"Fajardo, Alex",Bano nuevo,25,3,2017/03/21,2,Festuca pallescens,50,40,1571,3,,Festuca pyrogea,5
85,Chile,"Fajardo, Alex",Bano nuevo,25,3,2017/03/21,2,Festuca pallescens,50,40,1571,3,,Nassauvia darwinii,1
85,Chile,"Fajardo, Alex",Bano nuevo,25,3,2017/03/21,1,bare soil,,,,3,,Acaena integerrima,1
85,Chile,"Fajardo, Alex",Bano nuevo,25,3,2017/03/21,1,bare soil,,,,3,,Festuca pyrogea,1
85,Chile,"Fajardo, Alex",Bano nuevo,25,3,2017/03/21,2,Festuca pallescens,40,40,1257,4,,Nassauvia darwinii,10
85,Chile,"Fajardo, Alex",Bano nuevo,25,3,2017/03/21,1,bare soil,,,,4,,Acaena pinnatifida,1
85,Chile,"Fajardo, Alex",Bano nuevo,25,3,2017/03/21,2,Festuca pallescens,35,40,1100,5,,Viola maculata,1
85,Chile,"Fajardo, Alex",Bano nuevo,25,3,2017/03/21,2,Festuca pallescens,35,40,1100,5,,Nassauvia darwinii,5
85,Chile,"Fajardo, Alex",Bano nuevo,25,3,2017/03/21,2,Festuca pallescens,35,40,1100,5,,Cerastium arvense,1
85,Chile,"Fajardo, Alex",Bano nuevo,25,3,2017/03/21,1,bare soil,,,,5,,Nassauvia darwinii,3
85,Chile,"Fajardo, Alex",Bano nuevo,25,3,2017/03/21,1,bare soil,,,,5,,Acaena integerrima,2
85,Chile,"Fajardo, Alex",Bano nuevo,25,3,2017/03/21,2,Mulinum spinosum,40,50,1571,5,,Festuca pallescens,10
85,Chile,"Fajardo, Alex",Bano nuevo,25,3,2017/03/21,2,Mulinum spinosum,40,50,1571,5,,Festuca pyrogea,5
85,Chile,"Fajardo, Alex",Bano nuevo,25,3,2017/03/21,1,bare soil,,,,5,,Acaena integerrima,15
85,Chile,"Fajardo, Alex",Bano nuevo,25,3,2017/03/21,2,Festuca pallescens,40,40,1257,6,,Festuca pyrogea,10
85,Chile,"Fajardo, Alex",Bano nuevo,25,3,2017/03/21,2,Festuca pallescens,40,40,1257,6,,Lathyrus magellanicus,1
85,Chile,"Fajardo, Alex",Bano nuevo,25,3,2017/03/21,1,bare soil,,,,6,,Viola maculata,3
85,Chile,"Fajardo, Alex",Bano nuevo,25,3,2017/03/21,1,bare soil,,,,6,,Acaena integerrima,3
85,Chile,"Fajardo, Alex",Bano nuevo,25,3,2017/03/21,2,Mulinum spinosum,110,120,10367,6,,Festuca pyrogea,5
85,Chile,"Fajardo, Alex",Bano nuevo,25,3,2017/03/21,2,Mulinum spinosum,110,120,10367,6,,Festuca pallescens,10
85,Chile,"Fajardo, Alex",Bano nuevo,25,3,2017/03/21,2,Mulinum spinosum,110,120,10367,6,,Taraxacum officinale,1
85,Chile,"Fajardo, Alex",Bano nuevo,25,3,2017/03/21,1,bare soil,,,,6,1,Acaena integerrima,10
85,Chile,"Fajardo, Alex",Bano nuevo,25,3,2017/03/21,1,bare soil,,,,6,1,Festuca pyrogea,5
85,Chile,"Fajardo, Alex",Bano nuevo,25,3,2017/03/21,1,bare soil,,,,6,2,Festuca pyrogea,3
85,Chile,"Fajardo, Alex",Bano nuevo,25,3,2017/03/21,2,Festuca pallescens,50,45,1767,7,,Cerastium arvense,3
85,Chile,"Fajardo, Alex",Bano nuevo,25,3,2017/03/21,2,Festuca pallescens,50,45,1767,7,,Hypochaeris incana,1
85,Chile,"Fajardo, Alex",Bano nuevo,25,3,2017/03/21,2,Festuca pallescens,50,45,1767,7,,Nassauvia darwinii,5
85,Chile,"Fajardo, Alex",Bano nuevo,25,3,2017/03/21,1,bare soil,,,,7,,Acaena integerrima,2
85,Chile,"Fajardo, Alex",Bano nuevo,25,3,2017/03/21,2,Festuca pallescens,60,70,3299,7,,-,0
85,Chile,"Fajardo, Alex",Bano nuevo,25,3,2017/03/21,1,bare soil,,,,7,,Acaena integerrima,3
85,Chile,"Fajardo, Alex",Bano nuevo,25,3,2017/03/21,1,bare soil,,,,7,,Festuca pyrogea,3
85,Chile,"Fajardo, Alex",Bano nuevo,25,3,2017/03/21,2,Mulinum spinosum,95,100,7461,8,,Festuca pallescens,15
85,Chile,"Fajardo, Alex",Bano nuevo,25,3,2017/03/21,2,Mulinum spinosum,95,100,7461,8,,Festuca pyrogea,7
85,Chile,"Fajardo, Alex",Bano nuevo,25,3,2017/03/21,2,Mulinum spinosum,95,100,7461,8,,Viola maculata,1
85,Chile,"Fajardo, Alex",Bano nuevo,25,3,2017/03/21,2,Mulinum spinosum,95,100,7461,8,,Nassauvia darwinii,2
85,Chile,"Fajardo, Alex",Bano nuevo,25,3,2017/03/21,2,Mulinum spinosum,95,100,7461,8,,Acaena integerrima,1
85,Chile,"Fajardo, Alex",Bano nuevo,25,3,2017/03/21,2,Mulinum spinosum,95,100,7461,8,,Hypochaeris incana,1
85,Chile,"Fajardo, Alex",Bano nuevo,25,3,2017/03/21,1,bare soil,,,,8,1,Festuca pyrogea,10
85,Chile,"Fajardo, Alex",Bano nuevo,25,3,2017/03/21,1,bare soil,,,,8,1,Viola maculata,3
85,Chile,"Fajardo, Alex",Bano nuevo,25,3,2017/03/21,1,bare soil,,,,8,2,Taraxacum officinale,1
85,Chile,"Fajardo, Alex",Bano nuevo,25,3,2017/03/21,1,bare soil,,,,8,2,Festuca pyrogea,1
85,Chile,"Fajardo, Alex",Bano nuevo,25,3,2017/03/21,2,Mulinum spinosum,40,30,942,9,,Nassauvia darwinii,1
85,Chile,"Fajardo, Alex",Bano nuevo,25,3,2017/03/21,2,Mulinum spinosum,40,30,942,9,,Elymus repens,5
85,Chile,"Fajardo, Alex",Bano nuevo,25,3,2017/03/21,2,Mulinum spinosum,40,30,942,9,,Festuca pyrogea,10
85,Chile,"Fajardo, Alex",Bano nuevo,25,3,2017/03/21,1,bare soil,,,,9,,-,0
85,Chile,"Fajardo, Alex",Bano nuevo,25,3,2017/03/21,2,Festuca pallescens,40,45,1414,8,,Carex gayana,5
85,Chile,"Fajardo, Alex",Bano nuevo,25,3,2017/03/21,2,Festuca pallescens,40,45,1414,8,,Festuca pyrogea,5
85,Chile,"Fajardo, Alex",Bano nuevo,25,3,2017/03/21,1,bare soil,,,,8,,Festuca pyrogea,3
85,Chile,"Fajardo, Alex",Bano nuevo,25,3,2017/03/21,2,Mulinum spinosum,30,40,942,10,,Festuca pyrogea,5
85,Chile,"Fajardo, Alex",Bano nuevo,25,3,2017/03/21,2,Mulinum spinosum,30,40,942,10,,Calceolaria biflora,1
85,Chile,"Fajardo, Alex",Bano nuevo,25,3,2017/03/21,1,bare soil,,,,10,,Festuca pyrogea,5
85,Chile,"Fajardo, Alex",Bano nuevo,25,3,2017/03/21,1,bare soil,,,,10,,Nassauvia darwinii,2
85,Chile,"Fajardo, Alex",Bano nuevo,25,3,2017/03/21,2,Mulinum spinosum,40,30,942,11,,Nassauvia darwinii,5
85,Chile,"Fajardo, Alex",Bano nuevo,25,3,2017/03/21,2,Mulinum spinosum,40,30,942,11,,Festuca pyrogea,10
85,Chile,"Fajardo, Alex",Bano nuevo,25,3,2017/03/21,2,Mulinum spinosum,40,30,942,11,,Festuca pallescens,5
85,Chile,"Fajardo, Alex",Bano nuevo,25,3,2017/03/21,2,Mulinum spinosum,40,30,942,11,,Viola maculata,1
85,Chile,"Fajardo, Alex",Bano nuevo,25,3,2017/03/21,1,bare soil,,,,11,,Festuca pyrogea,3
85,Chile,"Fajardo, Alex",Bano nuevo,25,3,2017/03/21,2,Mulinum spinosum,90,95,6715,12,,Festuca pallescens,10
85,Chile,"Fajardo, Alex",Bano nuevo,25,3,2017/03/21,2,Mulinum spinosum,90,95,6715,12,,Festuca pyrogea,10
85,Chile,"Fajardo, Alex",Bano nuevo,25,3,2017/03/21,1,bare soil,,,,12,1,Nassauvia darwinii,5
85,Chile,"Fajardo, Alex",Bano nuevo,25,3,2017/03/21,1,bare soil,,,,12,1,Festuca pyrogea,5
85,Chile,"Fajardo, Alex",Bano nuevo,25,3,2017/03/21,1,bare soil,,,,12,2,Nassauvia darwinii,5
85,Chile,"Fajardo, Alex",Bano nuevo,25,3,2017/03/21,2,Festuca pallescens,50,30,1178,9,,Nassauvia darwinii,3
85,Chile,"Fajardo, Alex",Bano nuevo,25,3,2017/03/21,2,Festuca pallescens,50,30,1178,9,,Calceolaria biflora,2
85,Chile,"Fajardo, Alex",Bano nuevo,25,3,2017/03/21,1,bare soil,,,,9,,-,0
85,Chile,"Fajardo, Alex",Bano nuevo,25,3,2017/03/21,2,Festuca pallescens,50,40,1571,10,,Calceolaria biflora,5
85,Chile,"Fajardo, Alex",Bano nuevo,25,3,2017/03/21,2,Festuca pallescens,50,40,1571,10,,Elymus repens,1
85,Chile,"Fajardo, Alex",Bano nuevo,25,3,2017/03/21,2,Festuca pallescens,50,40,1571,10,,Festuca pyrogea,5
85,Chile,"Fajardo, Alex",Bano nuevo,25,3,2017/03/21,1,bare soil,,,,10,,Acaena integerrima,1
85,Chile,"Fajardo, Alex",Bano nuevo,25,3,2017/03/21,2,Mulinum spinosum,85,40,2670,13,,Festuca pallescens,12
85,Chile,"Fajardo, Alex",Bano nuevo,25,3,2017/03/21,2,Mulinum spinosum,85,40,2670,13,,Quinchamalium chilense,2
85,Chile,"Fajardo, Alex",Bano nuevo,25,3,2017/03/21,2,Mulinum spinosum,85,40,2670,13,,Nassauvia darwinii,1
85,Chile,"Fajardo, Alex",Bano nuevo,25,3,2017/03/21,1,bare soil,,,,13,1,Acaena integerrima,7
85,Chile,"Fajardo, Alex",Bano nuevo,25,3,2017/03/21,1,bare soil,,,,13,1,Nassauvia darwinii,4
85,Chile,"Fajardo, Alex",Bano nuevo,25,3,2017/03/21,1,bare soil,,,,13,2,Festuca pallescens,3
85,Chile,"Fajardo, Alex",Bano nuevo,25,3,2017/03/21,1,bare soil,,,,13,2,Nassauvia darwinii,3
85,Chile,"Fajardo, Alex",Bano nuevo,25,3,2017/03/21,2,Mulinum spinosum,40,55,1728,14,,Festuca pallescens,5
85,Chile,"Fajardo, Alex",Bano nuevo,25,3,2017/03/21,2,Mulinum spinosum,40,55,1728,14,,Quinchamalium chilense,2
85,Chile,"Fajardo, Alex",Bano nuevo,25,3,2017/03/21,1,bare soil,,,,14,,Mulinum spinosum,5
85,Chile,"Fajardo, Alex",Bano nuevo,25,3,2017/03/21,2,Festuca pallescens,40,40,1257,11,,Calceolaria biflora,3
85,Chile,"Fajardo, Alex",Bano nuevo,25,3,2017/03/21,1,bare soil,,,,11,,-,0
85,Chile,"Fajardo, Alex",Bano nuevo,25,3,2017/03/21,2,Festuca pallescens,60,40,1885,12,,Festuca pyrogea,5
85,Chile,"Fajardo, Alex",Bano nuevo,25,3,2017/03/21,2,Festuca pallescens,60,40,1885,12,,Calceolaria biflora,2
85,Chile,"Fajardo, Alex",Bano nuevo,25,3,2017/03/21,1,bare soil,,,,12,,Nassauvia darwinii,5
85,Chile,"Fajardo, Alex",Bano nuevo,25,3,2017/03/21,2,Festuca pallescens,50,30,1178,13,,Festuca pyrogea,10
85,Chile,"Fajardo, Alex",Bano nuevo,25,3,2017/03/21,2,Festuca pallescens,50,30,1178,13,,Mulinum spinosum,5
85,Chile,"Fajardo, Alex",Bano nuevo,25,3,2017/03/21,2,Festuca pallescens,50,30,1178,13,,Cerastium arvense,1
85,Chile,"Fajardo, Alex",Bano nuevo,25,3,2017/03/21,1,bare soil,,,,13,,Nassauvia darwinii,6
85,Chile,"Fajardo, Alex",Bano nuevo,25,3,2017/03/21,1,bare soil,,,,13,,Festuca pyrogea,8
85,Chile,"Fajardo, Alex",Bano nuevo,25,3,2017/03/21,2,Mulinum spinosum,90,100,7069,15,,Festuca pallescens,8
85,Chile,"Fajardo, Alex",Bano nuevo,25,3,2017/03/21,2,Mulinum spinosum,90,100,7069,15,,Cerastium arvense,3
85,Chile,"Fajardo, Alex",Bano nuevo,25,3,2017/03/21,1,bare soil,,,,15,1,Festuca pyrogea,10
85,Chile,"Fajardo, Alex",Bano nuevo,25,3,2017/03/21,1,bare soil,,,,15,2,Acaena integerrima,7
85,Chile,"Fajardo, Alex",Bano nuevo,25,3,2017/03/21,1,bare soil,,,,15,2,Taraxacum officinale,2
85,Chile,"Fajardo, Alex",Bano nuevo,25,3,2017/03/21,1,bare soil,,,,15,2,Festuca pyrogea,5
85,Chile,"Fajardo, Alex",Bano nuevo,25,3,2017/03/21,2,Festuca pallescens,50,60,2356,14,,Quinchamalium chilense,1
85,Chile,"Fajardo, Alex",Bano nuevo,25,3,2017/03/21,2,Festuca pallescens,50,60,2356,14,,Nassauvia darwinii,3
85,Chile,"Fajardo, Alex",Bano nuevo,25,3,2017/03/21,2,Festuca pallescens,50,60,2356,14,,Mulinum spinosum,4
85,Chile,"Fajardo, Alex",Bano nuevo,25,3,2017/03/21,1,bare soil,,,,14,1,Nassauvia darwinii,10
85,Chile,"Fajardo, Alex",Bano nuevo,25,3,2017/03/21,1,bare soil,,,,14,2,Festuca pyrogea,6
85,Chile,"Fajardo, Alex",Bano nuevo,25,3,2017/03/21,2,Festuca pallescens,30,45,1060,16,,Festuca pallescens,8
85,Chile,"Fajardo, Alex",Bano nuevo,25,3,2017/03/21,2,Festuca pallescens,30,45,1060,16,,Cerastium arvense,3
85,Chile,"Fajardo, Alex",Bano nuevo,25,3,2017/03/21,1,bare soil,,,,16,,Festuca pyrogea,1
85,Chile,"Fajardo, Alex",Bano nuevo,25,3,2017/03/21,2,Festuca pallescens,40,45,1414,15,,Festuca pyrogea,10
85,Chile,"Fajardo, Alex",Bano nuevo,25,3,2017/03/21,2,Festuca pallescens,40,45,1414,15,,Calceolaria biflora,1
85,Chile,"Fajardo, Alex",Bano nuevo,25,3,2017/03/21,1,bare soil,,,,15,,Nassauvia darwinii,3
85,Chile,"Fajardo, Alex",Bano nuevo,25,3,2017/03/21,2,Festuca pallescens,60,50,2356,16,,Cerastium arvense,3
85,Chile,"Fajardo, Alex",Bano nuevo,25,3,2017/03/21,2,Festuca pallescens,60,50,2356,16,,Festuca pyrogea,4
85,Chile,"Fajardo, Alex",Bano nuevo,25,3,2017/03/21,2,Festuca pallescens,60,50,2356,16,,Nassauvia darwinii,6
85,Chile,"Fajardo, Alex",Bano nuevo,25,3,2017/03/21,1,bare soil,,,,16,,Acaena integerrima,7
85,Chile,"Fajardo, Alex",Bano nuevo,25,3,2017/03/21,1,bare soil,,,,16,,Nassauvia darwinii,8
85,Chile,"Fajardo, Alex",Bano nuevo,25,3,2017/03/21,2,Mulinum spinosum,50,40,1571,17,,Festuca pallescens,5
85,Chile,"Fajardo, Alex",Bano nuevo,25,3,2017/03/21,2,Mulinum spinosum,50,40,1571,17,,Calceolaria biflora,1
85,Chile,"Fajardo, Alex",Bano nuevo,25,3,2017/03/21,1,bare soil,,,,17,1,Festuca pyrogea,6
85,Chile,"Fajardo, Alex",Bano nuevo,25,3,2017/03/21,1,bare soil,,,,17,2,Nassauvia darwinii,3
85,Chile,"Fajardo, Alex",Bano nuevo,25,3,2017/03/21,2,Mulinum spinosum,60,60,2827,18,,Festuca pyrogea,11
85,Chile,"Fajardo, Alex",Bano nuevo,25,3,2017/03/21,1,bare soil,,,,18,1,Nassauvia darwinii,4
85,Chile,"Fajardo, Alex",Bano nuevo,25,3,2017/03/21,1,bare soil,,,,18,2,Elymus repens,5
85,Chile,"Fajardo, Alex",Bano nuevo,25,3,2017/03/21,1,bare soil,,,,18,2,Nassauvia darwinii,5
85,Chile,"Fajardo, Alex",Bano nuevo,25,3,2017/03/21,2,Festuca pallescens,50,40,1571,17,,Hypochaeris incana,2
85,Chile,"Fajardo, Alex",Bano nuevo,25,3,2017/03/21,2,Festuca pallescens,50,40,1571,17,,Festuca pyrogea,3
85,Chile,"Fajardo, Alex",Bano nuevo,25,3,2017/03/21,1,bare soil,,,,17,,Nassauvia darwinii,4
85,Chile,"Fajardo, Alex",Bano nuevo,25,3,2017/03/21,2,Mulinum spinosum,50,45,1767,19,,Festuca pallescens,10
85,Chile,"Fajardo, Alex",Bano nuevo,25,3,2017/03/21,2,Mulinum spinosum,50,45,1767,19,,Elymus repens,1
85,Chile,"Fajardo, Alex",Bano nuevo,25,3,2017/03/21,1,bare soil,,,,19,,Festuca pyrogea,1
85,Chile,"Fajardo, Alex",Bano nuevo,25,3,2017/03/21,1,bare soil,,,,19,,Calceolaria biflora,3
85,Chile,"Fajardo, Alex",Bano nuevo,25,3,2017/03/21,2,Mulinum spinosum,60,35,1649,20,,Festuca pallescens,4
85,Chile,"Fajardo, Alex",Bano nuevo,25,3,2017/03/21,1,bare soil,,,,20,,Festuca pyrogea,3
85,Chile,"Fajardo, Alex",Bano nuevo,25,3,2017/03/21,2,Mulinum spinosum,60,40,1885,21,,Festuca pallescens,6
85,Chile,"Fajardo, Alex",Bano nuevo,25,3,2017/03/21,2,Mulinum spinosum,60,40,1885,21,,Festuca pyrogea,3
85,Chile,"Fajardo, Alex",Bano nuevo,25,3,2017/03/21,1,bare soil,,,,21,,Holcus lanatus,12
85,Chile,"Fajardo, Alex",Bano nuevo,25,3,2017/03/21,1,bare soil,,,,21,,Calceolaria biflora,2
85,Chile,"Fajardo, Alex",Bano nuevo,25,3,2017/03/21,2,Mulinum spinosum,60,40,1885,22,,Festuca pallescens,10
85,Chile,"Fajardo, Alex",Bano nuevo,25,3,2017/03/21,1,bare soil,,,,22,,Festuca pyrogea,12
85,Chile,"Fajardo, Alex",Bano nuevo,25,3,2017/03/21,2,Festuca pallescens,50,50,1963,18,,Cerastium arvense,2
85,Chile,"Fajardo, Alex",Bano nuevo,25,3,2017/03/21,2,Festuca pallescens,50,50,1963,18,,Festuca pyrogea,6
85,Chile,"Fajardo, Alex",Bano nuevo,25,3,2017/03/21,2,Festuca pallescens,50,50,1963,18,,Viola maculata,3
85,Chile,"Fajardo, Alex",Bano nuevo,25,3,2017/03/21,1,bare soil,,,,18,,-,0
85,Chile,"Fajardo, Alex",Bano nuevo,25,3,2017/03/21,2,Mulinum spinosum,50,50,1963,22,,Festuca pallescens,12
85,Chile,"Fajardo, Alex",Bano nuevo,25,3,2017/03/21,2,Mulinum spinosum,50,50,1963,22,,Festuca pyrogea,7
85,Chile,"Fajardo, Alex",Bano nuevo,25,3,2017/03/21,1,bare soil,,,,22,,Acaena integerrima,8
85,Chile,"Fajardo, Alex",Bano nuevo,25,3,2017/03/21,2,Festuca pallescens,60,45,2121,19,,Mulinum spinosum,1
85,Chile,"Fajardo, Alex",Bano nuevo,25,3,2017/03/21,2,Festuca pallescens,60,45,2121,19,,Calceolaria biflora,1
85,Chile,"Fajardo, Alex",Bano nuevo,25,3,2017/03/21,2,Festuca pallescens,60,45,2121,19,,Cerastium arvense,1
85,Chile,"Fajardo, Alex",Bano nuevo,25,3,2017/03/21,1,bare soil,,,,19,,Calceolaria biflora,12
85,Chile,"Fajardo, Alex",Bano nuevo,25,3,2017/03/21,1,bare soil,,,,19,,Festuca pallescens,7
85,Chile,"Fajardo, Alex",Bano nuevo,25,3,2017/03/21,1,bare soil,,,,19,,Leucheria candidissima,3
85,Chile,"Fajardo, Alex",Bano nuevo,25,3,2017/03/21,2,Mulinum spinosum,50,40,1571,23,,Festuca pallescens,7
85,Chile,"Fajardo, Alex",Bano nuevo,25,3,2017/03/21,2,Mulinum spinosum,50,40,1571,23,,Festuca pyrogea,5
85,Chile,"Fajardo, Alex",Bano nuevo,25,3,2017/03/21,2,Mulinum spinosum,50,40,1571,23,,Taraxacum officinale,1
85,Chile,"Fajardo, Alex",Bano nuevo,25,3,2017/03/21,1,bare soil,,,,23,,Festuca pyrogea,6
85,Chile,"Fajardo, Alex",Bano nuevo,25,3,2017/03/21,1,bare soil,,,,23,,Festuca pallescens,3
85,Chile,"Fajardo, Alex",Bano nuevo,25,3,2017/03/21,2,festuca pallescens,40,30,942,20,,-,0
85,Chile,"Fajardo, Alex",Bano nuevo,25,3,2017/03/21,1,bare soil,,,,20,,Nassauvia darwinii,7
85,Chile,"Fajardo, Alex",Bano nuevo,25,3,2017/03/21,1,bare soil,,,,20,,Acaena integerrima,2
85,Chile,"Fajardo, Alex",Bano nuevo,25,3,2017/03/21,2,Mulinum spinosum,140,150,16493,24,,Festuca pallescens,12
85,Chile,"Fajardo, Alex",Bano nuevo,25,3,2017/03/21,2,Mulinum spinosum,140,150,16493,24,,Festuca pyrogea,7
85,Chile,"Fajardo, Alex",Bano nuevo,25,3,2017/03/21,2,Mulinum spinosum,140,150,16493,24,,Hypochaeris incana,1
85,Chile,"Fajardo, Alex",Bano nuevo,25,3,2017/03/21,1,bare soil,,,,24,1,Hypochaeris incana,3
85,Chile,"Fajardo, Alex",Bano nuevo,25,3,2017/03/21,1,bare soil,,,,24,2,-,0
85,Chile,"Fajardo, Alex",Bano nuevo,25,3,2017/03/21,2,Festuca pallescens,60,35,1649,21,,Festuca pyrogea,4
85,Chile,"Fajardo, Alex",Bano nuevo,25,3,2017/03/21,1,bare soil,,,,21,,Nassauvia darwinii,4
85,Chile,"Fajardo, Alex",Bano nuevo,25,3,2017/03/21,2,Festuca pallescens,50,40,1571,22,,Cerastium arvense,2
85,Chile,"Fajardo, Alex",Bano nuevo,25,3,2017/03/21,2,Festuca pallescens,50,40,1571,22,,Viola maculata,2
85,Chile,"Fajardo, Alex",Bano nuevo,25,3,2017/03/21,2,Festuca pallescens,50,40,1571,22,,Calceolaria biflora,3
85,Chile,"Fajardo, Alex",Bano nuevo,25,3,2017/03/21,1,bare soil,,,,22,,Acaena integerrima,2
85,Chile,"Fajardo, Alex",Bano nuevo,25,3,2017/03/21,2,Mulinum spinosum,50,40,1571,25,,Cerastium arvense,2
85,Chile,"Fajardo, Alex",Bano nuevo,25,3,2017/03/21,2,Mulinum spinosum,50,40,1571,25,,Festuca pallescens,15
85,Chile,"Fajardo, Alex",Bano nuevo,25,3,2017/03/21,1,bare soil,,,,25,,Acaena integerrima,5
85,Chile,"Fajardo, Alex",Bano nuevo,25,3,2017/03/21,2,Festuca pallescens,50,45,1767,23,,Festuca pyrogea,6
85,Chile,"Fajardo, Alex",Bano nuevo,25,3,2017/03/21,2,Festuca pallescens,50,45,1767,23,,Nassauvia darwinii,2
85,Chile,"Fajardo, Alex",Bano nuevo,25,3,2017/03/21,1,bare soil,,,,23,,Nassauvia darwinii,3
85,Chile,"Fajardo, Alex",Bano nuevo,25,3,2017/03/21,1,bare soil,,,,23,,Acaena integerrima,2
85,Chile,"Fajardo, Alex",Bano nuevo,25,3,2017/03/21,2,Festuca pallescens,40,50,1571,24,,Festuca pyrogea,8
85,Chile,"Fajardo, Alex",Bano nuevo,25,3,2017/03/21,2,Festuca pallescens,40,50,1571,24,,Cerastium arvense,2
85,Chile,"Fajardo, Alex",Bano nuevo,25,3,2017/03/21,1,bare soil,,,,24,,Acaena integerrima,1
85,Chile,"Fajardo, Alex",Bano nuevo,25,3,2017/03/21,2,Festuca pallescens,60,40,1885,25,,Cerastium arvense,2
85,Chile,"Fajardo, Alex",Bano nuevo,25,3,2017/03/21,2,Festuca pallescens,60,40,1885,25,,Mulinum spinosum,6
85,Chile,"Fajardo, Alex",Bano nuevo,25,3,2017/03/21,2,Festuca pallescens,60,40,1885,25,,Festuca pyrogea,4
85,Chile,"Fajardo, Alex",Bano nuevo,25,3,2017/03/21,1,bare soil,,,,25,,-,0
