"ID";"COU";"RES";"SITE";"SITE_ID";"PLOT";"Date";"Microsite";"ID_Microsite";"diameter_1.cm.";"diameter_2.cm.";"canopy.area..cm2.";"Number.of.replicate";"Quadrat";"Species.within.quadrat";"Cover";"Number.of.individuals";"microsite_rep";"GRAZ";"ARIDITY.v3"
1;"Algeria";"Fateh, Amghar";"El Ouassria";1;1;"2017/04/12";2;"Stipa tenacissima";70;65;3578,467359;1;NA;"Scorzonera undulata";1;1;"1-1-Stipa tenacissima -1";3;0,8301
1;"Algeria";"Fateh, Amghar";"El Ouassria";1;1;"2017/04/12";1;"Bare";NA;NA;NA;1;NA;"Scorzonera undulata";1;1;"1-1-Bare-1";3;0,8301
1;"Algeria";"Fateh, Amghar";"El Ouassria";1;1;"2017/04/12";1;"Bare";NA;NA;NA;1;NA;"Iris sisyrynchium";1;1;"1-1-Bare-1";3;0,8301
1;"Algeria";"Fateh, Amghar";"El Ouassria";1;1;"2017/04/12";1;"Bare";NA;NA;NA;1;NA;"Allium cupani";1;1;"1-1-Bare-1";3;0,8301
1;"Algeria";"Fateh, Amghar";"El Ouassria";1;1;"2017/04/12";2;"Stipa tenacissima";120;90;8659,007438;2;NA;"Atractylis serratuloides";1;4;"1-1-Stipa tenacissima -2";3;0,8301
1;"Algeria";"Fateh, Amghar";"El Ouassria";1;1;"2017/04/12";2;"Stipa tenacissima";120;90;8659,007438;2;NA;"Scorzonera undulata";1;1;"1-1-Stipa tenacissima -2";3;0,8301
1;"Algeria";"Fateh, Amghar";"El Ouassria";1;1;"2017/04/12";1;"Bare";NA;NA;NA;2;NA;"Atractylis serratuloides";1;1;"1-1-Bare-2";3;0,8301
1;"Algeria";"Fateh, Amghar";"El Ouassria";1;1;"2017/04/12";1;"Bare";NA;NA;NA;2;NA;"Plantago albicans";3;30;"1-1-Bare-2";3;0,8301
1;"Algeria";"Fateh, Amghar";"El Ouassria";1;1;"2017/04/12";1;"Bare";NA;NA;NA;2;NA;"Allium cupani";1;2;"1-1-Bare-2";3;0,8301
1;"Algeria";"Fateh, Amghar";"El Ouassria";1;1;"2017/04/12";2;"Stipa tenacissima";97;75;5808,79991;3;NA;"Atractylis serratuloides";1;2;"1-1-Stipa tenacissima -3";3;0,8301
1;"Algeria";"Fateh, Amghar";"El Ouassria";1;1;"2017/04/12";2;"Stipa tenacissima";97;75;5808,79991;3;NA;"Allium cupani";1;2;"1-1-Stipa tenacissima -3";3;0,8301
1;"Algeria";"Fateh, Amghar";"El Ouassria";1;1;"2017/04/12";2;"Stipa tenacissima";97;75;5808,79991;3;NA;"Scorzonera undulata";1;1;"1-1-Stipa tenacissima -3";3;0,8301
1;"Algeria";"Fateh, Amghar";"El Ouassria";1;1;"2017/04/12";1;"Bare";NA;NA;NA;3;NA;"Echium trygorrhizum";1;1;"1-1-Bare-3";3;0,8301
1;"Algeria";"Fateh, Amghar";"El Ouassria";1;1;"2017/04/12";2;"Stipa tenacissima";150;110;13273,21775;4;NA;"Atractylis serratuloides";1;1;"1-1-Stipa tenacissima -4";3;0,8301
1;"Algeria";"Fateh, Amghar";"El Ouassria";1;1;"2017/04/12";1;"Bare";NA;NA;NA;4;NA;"Ajuga iva";1;1;"1-1-Bare-4";3;0,8301
1;"Algeria";"Fateh, Amghar";"El Ouassria";1;1;"2017/04/12";1;"Bare";NA;NA;NA;4;NA;"Plantago albicans";1;10;"1-1-Bare-4";3;0,8301
1;"Algeria";"Fateh, Amghar";"El Ouassria";1;1;"2017/04/12";1;"Bare";NA;NA;NA;4;NA;"Stipa barbata";1;1;"1-1-Bare-4";3;0,8301
1;"Algeria";"Fateh, Amghar";"El Ouassria";1;1;"2017/04/12";1;"Bare";NA;NA;NA;4;NA;"Allium cupani";1;1;"1-1-Bare-4";3;0,8301
1;"Algeria";"Fateh, Amghar";"El Ouassria";1;1;"2017/04/12";2;"Stipa tenacissima";75;110;6720,057359;5;NA;NA;NA;NA;"1-1-Stipa tenacissima -5";3;0,8301
1;"Algeria";"Fateh, Amghar";"El Ouassria";1;1;"2017/04/12";1;"Bare";NA;NA;NA;5;NA;"Atractylis serratuloides";1;5;"1-1-Bare-5";3;0,8301
1;"Algeria";"Fateh, Amghar";"El Ouassria";1;1;"2017/04/12";1;"Bare";NA;NA;NA;5;NA;"Plantago albicans";1;1;"1-1-Bare-5";3;0,8301
1;"Algeria";"Fateh, Amghar";"El Ouassria";1;1;"2017/04/12";1;"Bare";NA;NA;NA;5;NA;"Stipa barbata";1;1;"1-1-Bare-5";3;0,8301
1;"Algeria";"Fateh, Amghar";"El Ouassria";1;1;"2017/04/12";1;"Bare";NA;NA;NA;5;NA;"Iris sisyrynchium";1;1;"1-1-Bare-5";3;0,8301
1;"Algeria";"Fateh, Amghar";"El Ouassria";1;1;"2017/04/12";2;"Stipa tenacissima";120;110;10386,88194;6;NA;"Atractylis serratuloides";1;1;"1-1-Stipa tenacissima -6";3;0,8301
1;"Algeria";"Fateh, Amghar";"El Ouassria";1;1;"2017/04/12";2;"Stipa tenacissima";120;110;10386,88194;6;NA;"Iris sisyrynchium";1;1;"1-1-Stipa tenacissima -6";3;0,8301
1;"Algeria";"Fateh, Amghar";"El Ouassria";1;1;"2017/04/12";2;"Stipa tenacissima";120;110;10386,88194;6;NA;"Paronychia argentea";1;1;"1-1-Stipa tenacissima -6";3;0,8301
1;"Algeria";"Fateh, Amghar";"El Ouassria";1;1;"2017/04/12";1;"Bare";NA;NA;NA;6;NA;"Atractylis serratuloides";1;1;"1-1-Bare-6";3;0,8301
1;"Algeria";"Fateh, Amghar";"El Ouassria";1;1;"2017/04/12";1;"Bare";NA;NA;NA;6;NA;"Stipa barbata";2;2;"1-1-Bare-6";3;0,8301
1;"Algeria";"Fateh, Amghar";"El Ouassria";1;1;"2017/04/12";2;"Stipa tenacissima";117;135;12468,97071;7;NA;"Scorzonera undulata";1;1;"1-1-Stipa tenacissima-7";3;0,8301
1;"Algeria";"Fateh, Amghar";"El Ouassria";1;1;"2017/04/12";2;"Stipa tenacissima";117;135;12468,97071;7;NA;"Allium cupani";1;1;"1-1-Stipa tenacissima-7";3;0,8301
1;"Algeria";"Fateh, Amghar";"El Ouassria";1;1;"2017/04/12";1;"Bare";NA;NA;NA;7;NA;"Stipa barbata";1;1;"1-1-Bare-7";3;0,8301
1;"Algeria";"Fateh, Amghar";"El Ouassria";1;1;"2017/04/12";2;"Stipa tenacissima";100;115;9076,249859;8;NA;"Atractylis serratuloides";1;2;"1-1-Stipa tenacissima-8";3;0,8301
1;"Algeria";"Fateh, Amghar";"El Ouassria";1;1;"2017/04/12";1;"Bare";NA;NA;NA;8;NA;"Plantago albicans";1;2;"1-1-Bare-8";3;0,8301
1;"Algeria";"Fateh, Amghar";"El Ouassria";1;1;"2017/04/12";1;"Bare";NA;NA;NA;8;NA;"Ajuga iva";1;1;"1-1-Bare-8";3;0,8301
1;"Algeria";"Fateh, Amghar";"El Ouassria";1;1;"2017/04/12";1;"Bare";NA;NA;NA;8;NA;"Stipa barbata";1;2;"1-1-Bare-8";3;0,8301
1;"Algeria";"Fateh, Amghar";"El Ouassria";1;1;"2017/04/12";2;"Stipa tenacissima";140;145;15948,47798;9;NA;"Allium cupani";1;1;"1-1-Stipa tenacissima-9";3;0,8301
1;"Algeria";"Fateh, Amghar";"El Ouassria";1;1;"2017/04/12";2;"Stipa tenacissima";140;145;15948,47798;9;NA;"Atractylis serratuloides";1;1;"1-1-Stipa tenacissima-9";3;0,8301
1;"Algeria";"Fateh, Amghar";"El Ouassria";1;1;"2017/04/12";1;"Bare";NA;NA;NA;9;NA;NA;NA;NA;"1-1-Bare-9";3;0,8301
1;"Algeria";"Fateh, Amghar";"El Ouassria";1;1;"2017/04/12";2;"Stipa tenacissima";100;100;7853,975;10;NA;"Scorzonera undulata";1;1;"1-1-Stipa tenacissima-10";3;0,8301
1;"Algeria";"Fateh, Amghar";"El Ouassria";1;1;"2017/04/12";1;"Bare";NA;NA;NA;10;NA;NA;NA;NA;"1-1-Bare-10";3;0,8301
1;"Algeria";"Fateh, Amghar";"El Ouassria";1;1;"2017/04/12";2;"Stipa tenacissima";135;100;10843,39423;11;NA;"Atractylis serratuloides";1;1;"1-1-Stipa tenacissima-11";3;0,8301
1;"Algeria";"Fateh, Amghar";"El Ouassria";1;1;"2017/04/12";2;"Stipa tenacissima";135;100;10843,39423;11;NA;"Scorzonera undulata";1;2;"1-1-Stipa tenacissima-11";3;0,8301
1;"Algeria";"Fateh, Amghar";"El Ouassria";1;1;"2017/04/12";1;"Bare";NA;NA;NA;11;NA;"Atractylis serratuloides";1;2;"1-1-Bare-11";3;0,8301
1;"Algeria";"Fateh, Amghar";"El Ouassria";1;1;"2017/04/12";1;"Bare";NA;NA;NA;11;NA;"Stipa barbata";1;3;"1-1-Bare-11";3;0,8301
1;"Algeria";"Fateh, Amghar";"El Ouassria";1;1;"2017/04/12";1;"Bare";NA;NA;NA;11;NA;"Plantago albicans";1;1;"1-1-Bare-11";3;0,8301
1;"Algeria";"Fateh, Amghar";"El Ouassria";1;1;"2017/04/12";1;"Bare";NA;NA;NA;11;NA;"Allium cupani";1;1;"1-1-Bare-11";3;0,8301
1;"Algeria";"Fateh, Amghar";"El Ouassria";1;1;"2017/04/12";2;"Stipa tenacissima";75;60;3578,467359;12;NA;"Stipa barbata";1;1;"1-1-Stipa tenacissima-12";3;0,8301
1;"Algeria";"Fateh, Amghar";"El Ouassria";1;1;"2017/04/12";2;"Stipa tenacissima";75;60;3578,467359;12;NA;"Stipa parviflora";1;1;"1-1-Stipa tenacissima-12";3;0,8301
1;"Algeria";"Fateh, Amghar";"El Ouassria";1;1;"2017/04/12";1;"Bare";NA;NA;NA;12;NA;"Iris sisyrynchium";1;2;"1-1-Bare-12";3;0,8301
1;"Algeria";"Fateh, Amghar";"El Ouassria";1;1;"2017/04/12";1;"Bare";NA;NA;NA;12;NA;"Plantago albicans";1;2;"1-1-Bare-12";3;0,8301
1;"Algeria";"Fateh, Amghar";"El Ouassria";1;1;"2017/04/12";1;"Bare";NA;NA;NA;12;NA;"Stipa barbata";1;1;"1-1-Bare-12";3;0,8301
1;"Algeria";"Fateh, Amghar";"El Ouassria";1;1;"2017/04/12";2;"Stipa tenacissima";90;65;4717,293734;13;NA;NA;NA;NA;"1-1-Stipa tenacissima-13";3;0,8301
1;"Algeria";"Fateh, Amghar";"El Ouassria";1;1;"2017/04/12";1;"Bare";NA;NA;NA;13;NA;"Iris sisyrynchium";1;2;"1-1-Bare-13";3;0,8301
1;"Algeria";"Fateh, Amghar";"El Ouassria";1;1;"2017/04/12";2;"Stipa tenacissima";75;83;4901,665798;14;NA;"Atractylis serratuloides";1;1;"1-1-Stipa tenacissima-14";3;0,8301
1;"Algeria";"Fateh, Amghar";"El Ouassria";1;1;"2017/04/12";2;"Stipa tenacissima";75;83;4901,665798;14;NA;"Allium cupani";1;1;"1-1-Stipa tenacissima-14";3;0,8301
1;"Algeria";"Fateh, Amghar";"El Ouassria";1;1;"2017/04/12";2;"Stipa tenacissima";75;83;4901,665798;14;NA;"Scorzonera undulata";1;1;"1-1-Stipa tenacissima-14";3;0,8301
1;"Algeria";"Fateh, Amghar";"El Ouassria";1;1;"2017/04/12";1;"Bare";NA;NA;NA;14;NA;NA;NA;NA;"1-1-Bare-14";3;0,8301
1;"Algeria";"Fateh, Amghar";"El Ouassria";1;1;"2017/04/12";2;"Stipa tenacissima";82;67;4359,152474;15;NA;"Allium cupani";1;1;"1-1-Stipa tenacissima-15";3;0,8301
1;"Algeria";"Fateh, Amghar";"El Ouassria";1;1;"2017/04/12";2;"Stipa tenacissima";82;67;4359,152474;15;NA;"Scorzonera undulata";1;1;"1-1-Stipa tenacissima-15";3;0,8301
1;"Algeria";"Fateh, Amghar";"El Ouassria";1;1;"2017/04/12";1;"Bare";NA;NA;NA;15;NA;"Allium cupani";1;2;"1-1-Bare-15";3;0,8301
1;"Algeria";"Fateh, Amghar";"El Ouassria";1;1;"2017/04/12";2;"Stipa tenacissima";61;60;2874,751199;16;NA;"Allium cupani";1;3;"1-1-Stipa tenacissima-16";3;0,8301
1;"Algeria";"Fateh, Amghar";"El Ouassria";1;1;"2017/04/12";1;"Bare";NA;NA;NA;16;NA;NA;NA;NA;"1-1-Bare-16";3;0,8301
1;"Algeria";"Fateh, Amghar";"El Ouassria";1;1;"2017/04/12";2;"Stipa tenacissima";92;87;6291,230324;17;NA;NA;NA;NA;"1-1-Stipa tenacissima-17";3;0,8301
1;"Algeria";"Fateh, Amghar";"El Ouassria";1;1;"2017/04/12";1;"Bare";NA;NA;NA;17;NA;"Plantago albicans";1;2;"1-1-Bare-17";3;0,8301
1;"Algeria";"Fateh, Amghar";"El Ouassria";1;1;"2017/04/12";2;"Stipa tenacissima";135;100;3578,467359;18;NA;"Atractylis serratuloides";1;1;"1-1-Stipa tenacissima-18";3;0,8301
1;"Algeria";"Fateh, Amghar";"El Ouassria";1;1;"2017/04/12";2;"Stipa tenacissima";135;100;3578,467359;18;NA;"Scorzonera undulata";1;2;"1-1-Stipa tenacissima-18";3;0,8301
1;"Algeria";"Fateh, Amghar";"El Ouassria";1;1;"2017/04/12";1;"Bare";NA;NA;NA;18;NA;"Atractylis serratuloides";1;2;"1-1-Bare-18";3;0,8301
1;"Algeria";"Fateh, Amghar";"El Ouassria";1;1;"2017/04/12";1;"Bare";NA;NA;NA;18;NA;"Allium cupani";1;1;"1-1-Bare-18";3;0,8301
1;"Algeria";"Fateh, Amghar";"El Ouassria";1;1;"2017/04/12";1;"Bare";NA;NA;NA;18;NA;"Stipa barbata";1;1;"1-1-Bare-18";3;0,8301
1;"Algeria";"Fateh, Amghar";"El Ouassria";1;1;"2017/04/12";1;"Bare";NA;NA;NA;18;NA;"Plantago albicans";1;1;"1-1-Bare-18";3;0,8301
1;"Algeria";"Fateh, Amghar";"El Ouassria";1;1;"2017/04/12";2;"Stipa tenacissima";90;60;4417,860938;19;NA;"Iris sisyrynchium";1;1;"1-1-Stipa tenacissima-19";3;0,8301
1;"Algeria";"Fateh, Amghar";"El Ouassria";1;1;"2017/04/12";1;"Bare";NA;NA;NA;19;NA;"Iris sisyrynchium";1;1;"1-1-Bare-19";3;0,8301
1;"Algeria";"Fateh, Amghar";"El Ouassria";1;1;"2017/04/12";2;"Stipa tenacissima";100;110;8659,007438;20;NA;"Paronychia argentea";1;1;"1-1-Stipa tenacissima-20";3;0,8301
1;"Algeria";"Fateh, Amghar";"El Ouassria";1;1;"2017/04/12";2;"Stipa tenacissima";100;110;8659,007438;20;NA;"Atractylis serratuloides";1;2;"1-1-Stipa tenacissima-20";3;0,8301
1;"Algeria";"Fateh, Amghar";"El Ouassria";1;1;"2017/04/12";1;"Bare";NA;NA;NA;20;NA;"Plantago albicans";20;2;"1-1-Bare-20";3;0,8301
1;"Algeria";"Fateh, Amghar";"El Ouassria";1;1;"2017/04/12";1;"Bare";NA;NA;NA;20;NA;"Stipa barbata";1;1;"1-1-Bare-20";3;0,8301
1;"Algeria";"Fateh, Amghar";"El Ouassria";1;1;"2017/04/12";2;"Stipa tenacissima";80;90;5674,496938;21;NA;NA;NA;NA;"1-1-Stipa tenacissima-21";3;0,8301
1;"Algeria";"Fateh, Amghar";"El Ouassria";1;1;"2017/04/12";1;"Bare";NA;NA;NA;21;NA;"Echium trygorrhizum";1;1;"1-1-Bare-21";3;0,8301
1;"Algeria";"Fateh, Amghar";"El Ouassria";1;1;"2017/04/12";2;"Stipa tenacissima";150;130;15393,791;22;NA;"Plantago albicans";11;1;"1-1-Stipa tenacissima-22";3;0,8301
1;"Algeria";"Fateh, Amghar";"El Ouassria";1;1;"2017/04/12";1;"Bare";NA;NA;NA;22;NA;"Plantago albicans";10;2;"1-1-Bare-22";3;0,8301
1;"Algeria";"Fateh, Amghar";"El Ouassria";1;1;"2017/04/12";2;"Stipa tenacissima";140;90;10386,88194;23;NA;NA;NA;NA;"1-1-Stipa tenacissima-23";3;0,8301
1;"Algeria";"Fateh, Amghar";"El Ouassria";1;1;"2017/04/12";1;"Bare";NA;NA;NA;23;NA;"Plantago albicans";11;1;"1-1-Bare-23";3;0,8301
1;"Algeria";"Fateh, Amghar";"El Ouassria";1;1;"2017/04/12";2;"Stipa tenacissima";90;103;7313,817869;24;NA;NA;NA;NA;"1-1-Stipa tenacissima-24";3;0,8301
1;"Algeria";"Fateh, Amghar";"El Ouassria";1;1;"2017/04/12";1;"Bare";NA;NA;NA;24;NA;NA;NA;NA;"1-1-Bare-24";3;0,8301
1;"Algeria";"Fateh, Amghar";"El Ouassria";1;1;"2017/04/12";2;"Stipa tenacissima";80;73;4596,342519;25;NA;"Echium trygorrhizum";1;1;"1-1-Stipa tenacissima-25";3;0,8301
1;"Algeria";"Fateh, Amghar";"El Ouassria";1;1;"2017/04/12";2;"Stipa tenacissima";80;73;4596,342519;25;NA;"Scorzonera undulata";1;1;"1-1-Stipa tenacissima-25";3;0,8301
1;"Algeria";"Fateh, Amghar";"El Ouassria";1;1;"2017/04/12";1;"Bare";NA;NA;NA;25;NA;"Atractylis serratuloides";1;2;"1-1-Bare-25";3;0,8301
2;"Algeria";"Fateh, Amghar";"El Ouassria";1;2;"2017/04/13";2;"Stipa tenacissima";150;130;15393,791;1;NA;"Plantago albicans";1;3;"1-2-Stipa tenacissima-1";2;0,8317
2;"Algeria";"Fateh, Amghar";"El Ouassria";1;2;"2017/04/13";1;"Bare";NA;NA;NA;1;NA;"Artemisia campestris";1;1;"1-2-Bare-1";2;0,8317
2;"Algeria";"Fateh, Amghar";"El Ouassria";1;2;"2017/04/13";1;"Bare";NA;NA;NA;1;NA;"Plantago albicans";3;25;"1-2-Bare-1";2;0,8317
2;"Algeria";"Fateh, Amghar";"El Ouassria";1;2;"2017/04/13";2;"Stipa tenacissima";220;125;23370,48436;2;NA;"Artemisia campestris";1;1;"1-2-Stipa tenacissima-2";2;0,8317
2;"Algeria";"Fateh, Amghar";"El Ouassria";1;2;"2017/04/13";2;"Stipa tenacissima";220;125;23370,48436;2;NA;"Allium cupani";1;3;"1-2-Stipa tenacissima-2";2;0,8317
2;"Algeria";"Fateh, Amghar";"El Ouassria";1;2;"2017/04/13";1;"Bare";NA;NA;NA;2;NA;"Allium cupani";2;12;"1-2-Bare-2";2;0,8317
2;"Algeria";"Fateh, Amghar";"El Ouassria";1;2;"2017/04/13";2;"Stipa tenacissima";140;130;14313,86944;3;NA;"Atractylis serratuloides";1;2;"1-2-Stipa tenacissima-3";2;0,8317
2;"Algeria";"Fateh, Amghar";"El Ouassria";1;2;"2017/04/13";1;"Bare";NA;NA;NA;3;NA;"Atractylis serratuloides";4;6;"1-2-Bare-3";2;0,8317
2;"Algeria";"Fateh, Amghar";"El Ouassria";1;2;"2017/04/13";1;"Bare";NA;NA;NA;3;NA;"Plantago albicans";2;6;"1-2-Bare-3";2;0,8317
2;"Algeria";"Fateh, Amghar";"El Ouassria";1;2;"2017/04/13";1;"Bare";NA;NA;NA;3;NA;"Scorzonera undulata";1;1;"1-2-Bare-3";2;0,8317
2;"Algeria";"Fateh, Amghar";"El Ouassria";1;2;"2017/04/13";1;"Bare";NA;NA;NA;3;NA;"Allium cupani";1;6;"1-2-Bare-3";2;0,8317
2;"Algeria";"Fateh, Amghar";"El Ouassria";1;2;"2017/04/13";1;"Bare";NA;NA;NA;3;NA;"Stipa parviflora";1;3;"1-2-Bare-3";2;0,8317
2;"Algeria";"Fateh, Amghar";"El Ouassria";1;2;"2017/04/13";2;"Stipa tenacissima";170;120;16512,98244;4;NA;"Allium cupani";1;1;"1-2-Stipa tenacissima-4";2;0,8317
2;"Algeria";"Fateh, Amghar";"El Ouassria";1;2;"2017/04/13";2;"Stipa tenacissima";170;120;16512,98244;4;NA;"Atractylis serratuloides";1;3;"1-2-Stipa tenacissima-4";2;0,8317
2;"Algeria";"Fateh, Amghar";"El Ouassria";1;2;"2017/04/13";2;"Stipa tenacissima";170;120;16512,98244;4;NA;"Plantago albicans";1;1;"1-2-Stipa tenacissima-4";2;0,8317
2;"Algeria";"Fateh, Amghar";"El Ouassria";1;2;"2017/04/13";1;"Bare";NA;NA;NA;4;NA;"Plantago albicans";1;6;"1-2-Bare-4";2;0,8317
2;"Algeria";"Fateh, Amghar";"El Ouassria";1;2;"2017/04/13";1;"Bare";NA;NA;NA;4;NA;"Atractylis serratuloides";1;1;"1-2-Bare-4";2;0,8317
2;"Algeria";"Fateh, Amghar";"El Ouassria";1;2;"2017/04/13";1;"Bare";NA;NA;NA;4;NA;"Allium cupani";2;16;"1-2-Bare-4";2;0,8317
2;"Algeria";"Fateh, Amghar";"El Ouassria";1;2;"2017/04/13";1;"Bare";NA;NA;NA;4;NA;"Stipa parviflora";1;1;"1-2-Bare-4";2;0,8317
2;"Algeria";"Fateh, Amghar";"El Ouassria";1;2;"2017/04/13";2;"Stipa tenacissima";135;110;11785,87123;5;NA;"Atractylis serratuloides";2;1;"1-2-Stipa tenacissima-5";2;0,8317
2;"Algeria";"Fateh, Amghar";"El Ouassria";1;2;"2017/04/13";2;"Stipa tenacissima";NA;NA;NA;5;NA;"Plantago albicans";1;3;"1-2-Stipa tenacissima-5";2;0,8317
2;"Algeria";"Fateh, Amghar";"El Ouassria";1;2;"2017/04/13";2;"Stipa tenacissima";NA;NA;NA;5;NA;"Allium cupani";1;1;"1-2-Stipa tenacissima-5";2;0,8317
2;"Algeria";"Fateh, Amghar";"El Ouassria";1;2;"2017/04/13";1;"Bare";NA;NA;NA;5;NA;"Atractylis serratuloides";1;1;"1-2-Bare-5";2;0,8317
2;"Algeria";"Fateh, Amghar";"El Ouassria";1;2;"2017/04/13";1;"Bare";NA;NA;NA;5;NA;"Plantago albicans";2;24;"1-2-Bare-5";2;0,8317
2;"Algeria";"Fateh, Amghar";"El Ouassria";1;2;"2017/04/13";1;"Bare";NA;NA;NA;5;NA;"Allium cupani";1;1;"1-2-Bare-5";2;0,8317
2;"Algeria";"Fateh, Amghar";"El Ouassria";1;2;"2017/04/13";2;"Stipa tenacissima";100;95;7466,184984;6;NA;"Atractylis serratuloides";1;2;"1-2-Stipa tenacissima-6";2;0,8317
2;"Algeria";"Fateh, Amghar";"El Ouassria";1;2;"2017/04/13";1;"Bare";NA;NA;NA;6;NA;"Plantago albicans";2;14;"1-2-Bare-6";2;0,8317
2;"Algeria";"Fateh, Amghar";"El Ouassria";1;2;"2017/04/13";2;"Stipa tenacissima";100;100;7853,975;7;NA;"Allium cupani";1;4;"1-2-Stipa tenacissima-7";2;0,8317
2;"Algeria";"Fateh, Amghar";"El Ouassria";1;2;"2017/04/13";2;"Stipa tenacissima";100;100;7853,975;7;NA;"Atractylis serratuloides";1;2;"1-2-Stipa tenacissima-7";2;0,8317
2;"Algeria";"Fateh, Amghar";"El Ouassria";1;2;"2017/04/13";1;"Bare";NA;NA;NA;7;NA;"Atractylis serratuloides";1;1;"1-2-Bare-7";2;0,8317
2;"Algeria";"Fateh, Amghar";"El Ouassria";1;2;"2017/04/13";1;"Bare";NA;NA;NA;7;NA;"Allium cupani";1;1;"1-2-Bare-7";2;0,8317
2;"Algeria";"Fateh, Amghar";"El Ouassria";1;2;"2017/04/13";2;"Stipa tenacissima";120;85;8251,582484;8;NA;"Atractylis serratuloides";1;1;"1-2-Stipa tenacissima-8";2;0,8317
2;"Algeria";"Fateh, Amghar";"El Ouassria";1;2;"2017/04/13";1;"Bare";NA;NA;NA;8;NA;"Atractylis serratuloides";4;1;"1-2-Bare-8";2;0,8317
2;"Algeria";"Fateh, Amghar";"El Ouassria";1;2;"2017/04/13";1;"Bare";NA;NA;NA;8;NA;"Plantago albicans";1;4;"1-2-Bare-8";2;0,8317
2;"Algeria";"Fateh, Amghar";"El Ouassria";1;2;"2017/04/13";2;"Stipa tenacissima";130;130;13273,21775;9;NA;NA;NA;NA;"1-2-Stipa tenacissima-9";2;0,8317
2;"Algeria";"Fateh, Amghar";"El Ouassria";1;2;"2017/04/13";1;"Bare";NA;NA;NA;9;NA;"Atractylis serratuloides";3;5;"1-2-Bare-9";2;0,8317
2;"Algeria";"Fateh, Amghar";"El Ouassria";1;2;"2017/04/13";1;"Bare";NA;NA;NA;9;NA;"Allium cupani";1;3;"1-2-Bare-9";2;0,8317
2;"Algeria";"Fateh, Amghar";"El Ouassria";1;2;"2017/04/13";1;"Bare";NA;NA;NA;9;NA;"Plantago albicans";1;4;"1-2-Bare-9";2;0,8317
2;"Algeria";"Fateh, Amghar";"El Ouassria";1;2;"2017/04/13";1;"Bare";NA;NA;NA;9;NA;"Iris sisyrynchium";1;3;"1-2-Bare-9";2;0,8317
2;"Algeria";"Fateh, Amghar";"El Ouassria";1;2;"2017/04/13";2;"Stipa tenacissima";128;130;13069,7998;10;NA;"Allium cupani";1;2;"1-2-Stipa tenacissima-10";2;0,8317
2;"Algeria";"Fateh, Amghar";"El Ouassria";1;2;"2017/04/13";1;"Bare";NA;NA;NA;10;NA;"Atractylis serratuloides";3;4;"1-2-Bare-10";2;0,8317
2;"Algeria";"Fateh, Amghar";"El Ouassria";1;2;"2017/04/13";1;"Bare";NA;NA;NA;10;NA;"Plantago albicans";18;38;"1-2-Bare-10";2;0,8317
2;"Algeria";"Fateh, Amghar";"El Ouassria";1;2;"2017/04/13";1;"Bare";NA;NA;NA;10;NA;"Allium cupani";1;6;"1-2-Bare-10";2;0,8317
2;"Algeria";"Fateh, Amghar";"El Ouassria";1;2;"2017/04/13";1;"Bare";NA;NA;NA;10;NA;"Iris sisyrynchium";1;3;"1-2-Bare-10";2;0,8317
2;"Algeria";"Fateh, Amghar";"El Ouassria";1;2;"2017/04/13";2;"Stipa tenacissima";132;141;14633,72257;11;NA;"Plantago albicans";1;1;"1-2-Stipa tenacissima-11";2;0,8317
2;"Algeria";"Fateh, Amghar";"El Ouassria";1;2;"2017/04/13";1;"Bare";NA;NA;NA;11;NA;"Artemisia campestris";3;2;"1-2-Bare-11";2;0,8317
2;"Algeria";"Fateh, Amghar";"El Ouassria";1;2;"2017/04/13";1;"Bare";NA;NA;NA;11;NA;"Plantago albicans";1;4;"1-2-Bare-11";2;0,8317
2;"Algeria";"Fateh, Amghar";"El Ouassria";1;2;"2017/04/13";2;"Stipa tenacissima";240;170;33006,32994;12;NA;"Atractylis serratuloides";1;1;"1-2-Stipa tenacissima-12";2;0,8317
2;"Algeria";"Fateh, Amghar";"El Ouassria";1;2;"2017/04/13";1;"Bare";NA;NA;NA;12;NA;"Matthiola longipetala";1;1;"1-2-Bare-12";2;0,8317
2;"Algeria";"Fateh, Amghar";"El Ouassria";1;2;"2017/04/13";1;"Bare";NA;NA;NA;12;NA;"Plantago albicans";1;4;"1-2-Bare-12";2;0,8317
2;"Algeria";"Fateh, Amghar";"El Ouassria";1;2;"2017/04/13";2;"Stipa tenacissima";120;135;12767,61811;13;NA;"Artemisia campestris";1;1;"1-2-Stipa tenacissima-13";2;0,8317
2;"Algeria";"Fateh, Amghar";"El Ouassria";1;2;"2017/04/13";2;"Stipa tenacissima";120;135;12767,61811;13;NA;"Plantago albicans";1;1;"1-2-Stipa tenacissima-13";2;0,8317
2;"Algeria";"Fateh, Amghar";"El Ouassria";1;2;"2017/04/13";1;"Bare";NA;NA;NA;13;NA;"Atractylis serratuloides";1;1;"1-2-Bare-13";2;0,8317
2;"Algeria";"Fateh, Amghar";"El Ouassria";1;2;"2017/04/13";1;"Bare";NA;NA;NA;13;NA;"Plantago albicans";2;10;"1-2-Bare-13";2;0,8317
2;"Algeria";"Fateh, Amghar";"El Ouassria";1;2;"2017/04/13";1;"Bare";NA;NA;NA;13;NA;"Iris sisyrynchium";1;6;"1-2-Bare-13";2;0,8317
2;"Algeria";"Fateh, Amghar";"El Ouassria";1;2;"2017/04/13";1;"Bare";NA;NA;NA;13;NA;"Allium cupani";1;1;"1-2-Bare-13";2;0,8317
2;"Algeria";"Fateh, Amghar";"El Ouassria";1;2;"2017/04/13";2;"Stipa tenacissima";130;120;12271,83594;14;NA;"Plantago albicans";1;4;"1-2-Stipa tenacissima-14";2;0,8317
2;"Algeria";"Fateh, Amghar";"El Ouassria";1;2;"2017/04/13";1;"Bare";NA;NA;NA;14;NA;"Plantago albicans";1;4;"1-2-Bare-14";2;0,8317
2;"Algeria";"Fateh, Amghar";"El Ouassria";1;2;"2017/04/13";1;"Bare";NA;NA;NA;14;NA;"Iris sisyrynchium";1;4;"1-2-Bare-14";2;0,8317
2;"Algeria";"Fateh, Amghar";"El Ouassria";1;2;"2017/04/13";1;"Bare";NA;NA;NA;14;NA;"Allium cupani";2;8;"1-2-Bare-14";2;0,8317
2;"Algeria";"Fateh, Amghar";"El Ouassria";1;2;"2017/04/13";2;"Stipa tenacissima";160;170;21382,44694;15;NA;"Atractylis serratuloides";2;6;"1-2-Stipa tenacissima-15";2;0,8317
2;"Algeria";"Fateh, Amghar";"El Ouassria";1;2;"2017/04/13";1;"Bare";NA;NA;NA;15;NA;"Atractylis serratuloides";2;4;"1-2-Bare-15";2;0,8317
2;"Algeria";"Fateh, Amghar";"El Ouassria";1;2;"2017/04/13";1;"Bare";NA;NA;NA;15;NA;"Iris sisyrynchium";1;6;"1-2-Bare-15";2;0,8317
2;"Algeria";"Fateh, Amghar";"El Ouassria";1;2;"2017/04/13";1;"Bare";NA;NA;NA;15;NA;"Plantago albicans";3;14;"1-2-Bare-15";2;0,8317
2;"Algeria";"Fateh, Amghar";"El Ouassria";1;2;"2017/04/13";1;"Bare";NA;NA;NA;15;NA;"Allium cupani";1;7;"1-2-Bare-15";2;0,8317
2;"Algeria";"Fateh, Amghar";"El Ouassria";1;2;"2017/04/13";1;"Bare";NA;NA;NA;15;NA;"Scorzonera undulata";1;1;"1-2-Bare-15";2;0,8317
2;"Algeria";"Fateh, Amghar";"El Ouassria";1;2;"2017/04/13";1;"Bare";NA;NA;NA;15;NA;"Stipa parviflora";1;1;"1-2-Bare-15";2;0,8317
2;"Algeria";"Fateh, Amghar";"El Ouassria";1;2;"2017/04/13";2;"Stipa tenacissima";120;120;11309,724;16;NA;"Matthiola longipetala";1;1;"1-2-Stipa tenacissima-16";2;0,8317
2;"Algeria";"Fateh, Amghar";"El Ouassria";1;2;"2017/04/13";1;"Bare";NA;NA;NA;16;NA;"Plantago albicans";3;15;"1-2-Bare-16";2;0,8317
2;"Algeria";"Fateh, Amghar";"El Ouassria";1;2;"2017/04/13";1;"Bare";NA;NA;NA;16;NA;"Iris sisyrynchium";1;2;"1-2-Bare-16";2;0,8317
2;"Algeria";"Fateh, Amghar";"El Ouassria";1;2;"2017/04/13";1;"Bare";NA;NA;NA;16;NA;"Allium cupani";1;2;"1-2-Bare-16";2;0,8317
2;"Algeria";"Fateh, Amghar";"El Ouassria";1;2;"2017/04/13";1;"Bare";NA;NA;NA;16;NA;"Stipa parviflora";1;1;"1-2-Bare-16";2;0,8317
2;"Algeria";"Fateh, Amghar";"El Ouassria";1;2;"2017/04/13";2;"Stipa tenacissima";90;160;12271,83594;17;NA;"Atractylis serratuloides";1;1;"1-2-Stipa tenacissima-17";2;0,8317
2;"Algeria";"Fateh, Amghar";"El Ouassria";1;2;"2017/04/13";2;"Stipa tenacissima";90;160;12271,83594;17;NA;"Allium cupani";1;1;"1-2-Stipa tenacissima-17";2;0,8317
2;"Algeria";"Fateh, Amghar";"El Ouassria";1;2;"2017/04/13";1;"Bare";NA;NA;NA;17;NA;"Plantago albicans";2;12;"1-2-Bare-17";2;0,8317
2;"Algeria";"Fateh, Amghar";"El Ouassria";1;2;"2017/04/13";1;"Bare";NA;NA;NA;17;NA;"Atractylis serratuloides";4;7;"1-2-Bare-17";2;0,8317
2;"Algeria";"Fateh, Amghar";"El Ouassria";1;2;"2017/04/13";1;"Bare";NA;NA;NA;17;NA;"Iris sisyrynchium";1;1;"1-2-Bare-17";2;0,8317
2;"Algeria";"Fateh, Amghar";"El Ouassria";1;2;"2017/04/13";1;"Bare";NA;NA;NA;17;NA;"Allium cupani";1;2;"1-2-Bare-17";2;0,8317
2;"Algeria";"Fateh, Amghar";"El Ouassria";1;2;"2017/04/13";2;"Stipa tenacissima";110;110;9503,30975;18;NA;"Plantago albicans";1;5;"1-2-Stipa tenacissima-18";2;0,8317
2;"Algeria";"Fateh, Amghar";"El Ouassria";1;2;"2017/04/13";1;"Bare";NA;NA;NA;18;NA;"Atractylis serratuloides";2;3;"1-2-Bare-18";2;0,8317
2;"Algeria";"Fateh, Amghar";"El Ouassria";1;2;"2017/04/13";1;"Bare";NA;NA;NA;18;NA;"Plantago albicans";1;3;"1-2-Bare-18";2;0,8317
2;"Algeria";"Fateh, Amghar";"El Ouassria";1;2;"2017/04/13";1;"Bare";NA;NA;NA;18;NA;"Ajuga iva";1;1;"1-2-Bare-18";2;0,8317
2;"Algeria";"Fateh, Amghar";"El Ouassria";1;2;"2017/04/13";1;"Bare";NA;NA;NA;18;NA;"Stipa parviflora";1;1;"1-2-Bare-18";2;0,8317
2;"Algeria";"Fateh, Amghar";"El Ouassria";1;2;"2017/04/13";2;"Stipa tenacissima";105;95;7853,975;19;NA;"Atractylis serratuloides";3;2;"1-2-Stipa tenacissima-19";2;0,8317
2;"Algeria";"Fateh, Amghar";"El Ouassria";1;2;"2017/04/13";2;"Stipa tenacissima";105;95;7853,975;19;NA;"Plantago albicans";1;1;"1-2-Stipa tenacissima-19";2;0,8317
2;"Algeria";"Fateh, Amghar";"El Ouassria";1;2;"2017/04/13";2;"Stipa tenacissima";105;95;7853,975;19;NA;"Iris sisyrynchium";1;1;"1-2-Stipa tenacissima-19";2;0,8317
2;"Algeria";"Fateh, Amghar";"El Ouassria";1;2;"2017/04/13";2;"Stipa tenacissima";105;95;7853,975;19;NA;"Echium trygorrhizum";1;1;"1-2-Stipa tenacissima-19";2;0,8317
2;"Algeria";"Fateh, Amghar";"El Ouassria";1;2;"2017/04/13";1;"Bare";NA;NA;NA;19;NA;"Iris sisyrynchium";2;5;"1-2-Bare-19";2;0,8317
2;"Algeria";"Fateh, Amghar";"El Ouassria";1;2;"2017/04/13";1;"Bare";NA;NA;NA;19;NA;"Allium cupani";1;6;"1-2-Bare-19";2;0,8317
2;"Algeria";"Fateh, Amghar";"El Ouassria";1;2;"2017/04/13";1;"Bare";NA;NA;NA;19;NA;"Stipa parviflora";1;2;"1-2-Bare-19";2;0,8317
2;"Algeria";"Fateh, Amghar";"El Ouassria";1;2;"2017/04/13";2;"Stipa tenacissima";150;130;15393,791;20;NA;"Plantago albicans";1;1;"1-2-Stipa tenacissima-20";2;0,8317
2;"Algeria";"Fateh, Amghar";"El Ouassria";1;2;"2017/04/13";2;"Stipa tenacissima";150;130;15393,791;20;NA;"Atractylis serratuloides";1;2;"1-2-Stipa tenacissima-20";2;0,8317
2;"Algeria";"Fateh, Amghar";"El Ouassria";1;2;"2017/04/13";1;"Bare";NA;NA;NA;20;NA;"Allium cupani";1;2;"1-2-Bare-20";2;0,8317
2;"Algeria";"Fateh, Amghar";"El Ouassria";1;2;"2017/04/13";1;"Bare";NA;NA;NA;20;NA;"Iris sisyrynchium";1;1;"1-2-Bare-20";2;0,8317
2;"Algeria";"Fateh, Amghar";"El Ouassria";1;2;"2017/04/13";1;"Bare";NA;NA;NA;20;NA;"Stipa parviflora";1;1;"1-2-Bare-20";2;0,8317
2;"Algeria";"Fateh, Amghar";"El Ouassria";1;2;"2017/04/13";2;"Stipa tenacissima";150;115;13788,63486;21;NA;"Plantago albicans";4;11;"1-2-Stipa tenacissima-21";2;0,8317
2;"Algeria";"Fateh, Amghar";"El Ouassria";1;2;"2017/04/13";2;"Stipa tenacissima";150;115;13788,63486;21;NA;"Atractylis serratuloides";1;2;"1-2-Stipa tenacissima-21";2;0,8317
2;"Algeria";"Fateh, Amghar";"El Ouassria";1;2;"2017/04/13";1;"Bare";NA;NA;NA;21;NA;"Plantago albicans";4;12;"1-2-Bare-21";2;0,8317
2;"Algeria";"Fateh, Amghar";"El Ouassria";1;2;"2017/04/13";1;"Bare";NA;NA;NA;21;NA;"Allium cupani";1;2;"1-2-Bare-21";2;0,8317
2;"Algeria";"Fateh, Amghar";"El Ouassria";1;2;"2017/04/13";1;"Bare";NA;NA;NA;21;NA;"Stipa parviflora";1;2;"1-2-Bare-21";2;0,8317
2;"Algeria";"Fateh, Amghar";"El Ouassria";1;2;"2017/04/13";2;"Stipa tenacissima";160;160;20106,176;22;NA;"Atractylis serratuloides";3;2;"1-2-Stipa tenacissima-22";2;0,8317
2;"Algeria";"Fateh, Amghar";"El Ouassria";1;2;"2017/04/13";2;"Stipa tenacissima";160;160;20106,176;22;NA;"Plantago albicans";4;6;"1-2-Stipa tenacissima-22";2;0,8317
2;"Algeria";"Fateh, Amghar";"El Ouassria";1;2;"2017/04/13";1;"Bare";NA;NA;NA;22;NA;"Plantago albicans";5;25;"1-2-Bare-22";2;0,8317
2;"Algeria";"Fateh, Amghar";"El Ouassria";1;2;"2017/04/13";1;"Bare";NA;NA;NA;22;NA;"Stipa parviflora";1;2;"1-2-Bare-22";2;0,8317
2;"Algeria";"Fateh, Amghar";"El Ouassria";1;2;"2017/04/13";1;"Bare";NA;NA;NA;22;NA;"Allium cupani";1;3;"1-2-Bare-22";2;0,8317
2;"Algeria";"Fateh, Amghar";"El Ouassria";1;2;"2017/04/13";2;"Stipa tenacissima";160;160;20106,176;23;NA;"Atractylis serratuloides";1;1;"1-2-Stipa tenacissima-23";2;0,8317
2;"Algeria";"Fateh, Amghar";"El Ouassria";1;2;"2017/04/13";2;"Stipa tenacissima";160;160;20106,176;23;NA;"Plantago albicans";2;5;"1-2-Stipa tenacissima-23";2;0,8317
2;"Algeria";"Fateh, Amghar";"El Ouassria";1;2;"2017/04/13";1;"Bare";NA;NA;NA;23;NA;"Atractylis serratuloides";3;7;"1-2-Bare-23";2;0,8317
2;"Algeria";"Fateh, Amghar";"El Ouassria";1;2;"2017/04/13";1;"Bare";NA;NA;NA;23;NA;"Stipa parviflora";1;3;"1-2-Bare-23";2;0,8317
2;"Algeria";"Fateh, Amghar";"El Ouassria";1;2;"2017/04/13";1;"Bare";NA;NA;NA;23;NA;"Allium cupani";1;2;"1-2-Bare-23";2;0,8317
2;"Algeria";"Fateh, Amghar";"El Ouassria";1;2;"2017/04/13";2;"Stipa tenacissima";145;100;11785,87123;24;NA;"Plantago albicans";1;1;"1-2-Stipa tenacissima-24";2;0,8317
2;"Algeria";"Fateh, Amghar";"El Ouassria";1;2;"2017/04/13";2;"Stipa tenacissima";145;100;11785,87123;24;NA;"Salvia verbenaca";1;1;"1-2-Stipa tenacissima-24";2;0,8317
2;"Algeria";"Fateh, Amghar";"El Ouassria";1;2;"2017/04/13";1;"Bare";NA;NA;NA;24;NA;"Paronychia argentea";1;3;"1-2-Bare-24";2;0,8317
2;"Algeria";"Fateh, Amghar";"El Ouassria";1;2;"2017/04/13";1;"Bare";NA;NA;NA;24;NA;"Helanthemum aperta";1;1;"1-2-Bare-24";2;0,8317
2;"Algeria";"Fateh, Amghar";"El Ouassria";1;2;"2017/04/13";1;"Bare";NA;NA;NA;24;NA;"Plantago albicans";1;1;"1-2-Bare-24";2;0,8317
2;"Algeria";"Fateh, Amghar";"El Ouassria";1;2;"2017/04/13";1;"Bare";NA;NA;NA;24;NA;"Allium cupani";1;14;"1-2-Bare-24";2;0,8317
2;"Algeria";"Fateh, Amghar";"El Ouassria";1;2;"2017/04/13";2;"Stipa tenacissima";150;150;17671,44375;25;NA;"Atractylis serratuloides";1;1;"1-2-Stipa tenacissima-25";2;0,8317
2;"Algeria";"Fateh, Amghar";"El Ouassria";1;2;"2017/04/13";2;"Stipa tenacissima";150;150;17671,44375;25;NA;"Matthiola longipetala";1;1;"1-2-Stipa tenacissima-25";2;0,8317
2;"Algeria";"Fateh, Amghar";"El Ouassria";1;2;"2017/04/13";2;"Stipa tenacissima";150;150;17671,44375;25;NA;"Allium cupani";1;3;"1-2-Stipa tenacissima-25";2;0,8317
2;"Algeria";"Fateh, Amghar";"El Ouassria";1;2;"2017/04/13";2;"Stipa tenacissima";150;150;17671,44375;25;NA;"Paronychia argentea";3;7;"1-2-Stipa tenacissima-25";2;0,8317
2;"Algeria";"Fateh, Amghar";"El Ouassria";1;2;"2017/04/13";2;"Stipa tenacissima";150;150;17671,44375;25;NA;"Salvia verbenaca";1;1;"1-2-Stipa tenacissima-25";2;0,8317
2;"Algeria";"Fateh, Amghar";"El Ouassria";1;2;"2017/04/13";2;"Stipa tenacissima";150;150;17671,44375;25;NA;"Iris sisyrynchium";1;1;"1-2-Stipa tenacissima-25";2;0,8317
2;"Algeria";"Fateh, Amghar";"El Ouassria";1;2;"2017/04/13";1;"Bare";NA;NA;NA;25;NA;"Plantago albicans";4;25;"1-2-Bare-25";2;0,8317
2;"Algeria";"Fateh, Amghar";"El Ouassria";1;2;"2017/04/13";1;"Bare";NA;NA;NA;25;NA;"Iris sisyrynchium";1;3;"1-2-Bare-25";2;0,8317
2;"Algeria";"Fateh, Amghar";"El Ouassria";1;2;"2017/04/13";1;"Bare";NA;NA;NA;25;NA;"Allium cupani";1;2;"1-2-Bare-25";2;0,8317
2;"Algeria";"Fateh, Amghar";"El Ouassria";1;2;"2017/04/13";1;"Bare";NA;NA;NA;25;NA;"Paronychia argentea";1;1;"1-2-Bare-25";2;0,8317
3;"Algeria";"Fateh, Amghar";"El Ouassria";1;3;"2017/04/14";2;"Stipa tenacissima";110;90;7853,975;1;NA;"Atractylis serratuloides";1;1;"1-3-Stipa tenacissima-1";1;0,8317
3;"Algeria";"Fateh, Amghar";"El Ouassria";1;3;"2017/04/14";2;"Stipa tenacissima";110;90;7853,975;1;NA;"Iris sisyrynchium";3;2;"1-3-Stipa tenacissima-1";1;0,8317
3;"Algeria";"Fateh, Amghar";"El Ouassria";1;3;"2017/04/14";1;"Bare";NA;NA;NA;1;NA;"Iris sisyrynchium";2;3;"1-3-Bare-1";1;0,8317
3;"Algeria";"Fateh, Amghar";"El Ouassria";1;3;"2017/04/14";1;"Bare";NA;NA;NA;1;NA;"Allium cupani";2;3;"1-3-Bare-1";1;0,8317
3;"Algeria";"Fateh, Amghar";"El Ouassria";1;3;"2017/04/14";2;"Stipa tenacissima";120;140;13273,21775;2;NA;"Plantago albicans";1;1;"1-3-Stipa tenacissima-2";1;0,8317
3;"Algeria";"Fateh, Amghar";"El Ouassria";1;3;"2017/04/14";1;"Bare";NA;NA;NA;2;NA;"Iris sisyrynchium";8;7;"1-3-Bare-2";1;0,8317
3;"Algeria";"Fateh, Amghar";"El Ouassria";1;3;"2017/04/14";1;"Bare";NA;NA;NA;2;NA;"Atractylis serratuloides";2;2;"1-3-Bare-2";1;0,8317
3;"Algeria";"Fateh, Amghar";"El Ouassria";1;3;"2017/04/14";1;"Bare";NA;NA;NA;2;NA;"Allium cupani";1;1;"1-3-Bare-2";1;0,8317
3;"Algeria";"Fateh, Amghar";"El Ouassria";1;3;"2017/04/14";2;"Stipa tenacissima";90;70;5026,544;3;NA;"Atractylis serratuloides";4;1;"1-3-Stipa tenacissima-3";1;0,8317
3;"Algeria";"Fateh, Amghar";"El Ouassria";1;3;"2017/04/14";1;"Bare";NA;NA;NA;3;NA;"Plantago albicans";1;3;"1-3-Bare-3";1;0,8317
3;"Algeria";"Fateh, Amghar";"El Ouassria";1;3;"2017/04/14";1;"Bare";NA;NA;NA;3;NA;"Iris sisyrynchium";3;3;"1-3-Bare-3";1;0,8317
3;"Algeria";"Fateh, Amghar";"El Ouassria";1;3;"2017/04/14";1;"Bare";NA;NA;NA;3;NA;"Allium cupani";1;2;"1-3-Bare-3";1;0,8317
3;"Algeria";"Fateh, Amghar";"El Ouassria";1;3;"2017/04/14";2;"Stipa tenacissima";90;120;8659,007438;4;NA;NA;NA;NA;"1-3-Stipa tenacissima-4";1;0,8317
3;"Algeria";"Fateh, Amghar";"El Ouassria";1;3;"2017/04/14";1;"Bare";NA;NA;NA;4;NA;"Allium cupani";1;1;"1-3-Bare-4";1;0,8317
3;"Algeria";"Fateh, Amghar";"El Ouassria";1;3;"2017/04/14";1;"Bare";NA;NA;NA;4;NA;"Iris sisyrynchium";3;4;"1-3-Bare-4";1;0,8317
3;"Algeria";"Fateh, Amghar";"El Ouassria";1;3;"2017/04/14";1;"Bare";NA;NA;NA;4;NA;"Atractylis serratuloides";1;1;"1-3-Bare-4";1;0,8317
3;"Algeria";"Fateh, Amghar";"El Ouassria";1;3;"2017/04/14";2;"Stipa tenacissima";130;100;10386,88194;5;NA;"Iris sisyrynchium";1;1;"1-3-Stipa tenacissima-5";1;0,8317
3;"Algeria";"Fateh, Amghar";"El Ouassria";1;3;"2017/04/14";1;"Bare";NA;NA;NA;5;NA;"Atractylis serratuloides";4;4;"1-3-Bare-5";1;0,8317
3;"Algeria";"Fateh, Amghar";"El Ouassria";1;3;"2017/04/14";1;"Bare";NA;NA;NA;5;NA;"Iris sisyrynchium";11;7;"1-3-Bare-5";1;0,8317
3;"Algeria";"Fateh, Amghar";"El Ouassria";1;3;"2017/04/14";1;"Bare";NA;NA;NA;5;NA;"Plantago albicans";1;1;"1-3-Bare-5";1;0,8317
3;"Algeria";"Fateh, Amghar";"El Ouassria";1;3;"2017/04/14";2;"Stipa tenacissima";70;50;2827,431;6;NA;"Plantago albicans";1;1;"1-3-Stipa tenacissima-6";1;0,8317
3;"Algeria";"Fateh, Amghar";"El Ouassria";1;3;"2017/04/14";1;"Bare";NA;NA;NA;6;NA;"Plantago albicans";18;21;"1-3-Bare-6";1;0,8317
3;"Algeria";"Fateh, Amghar";"El Ouassria";1;3;"2017/04/14";1;"Bare";NA;NA;NA;6;NA;"Allium cupani";2;1;"1-3-Bare-6";1;0,8317
3;"Algeria";"Fateh, Amghar";"El Ouassria";1;3;"2017/04/14";1;"Bare";NA;NA;NA;6;NA;"Iris sisyrynchium";3;1;"1-3-Bare-6";1;0,8317
3;"Algeria";"Fateh, Amghar";"El Ouassria";1;3;"2017/04/14";2;"Stipa tenacissima";120;90;8659,007438;7;NA;NA;NA;NA;"1-3-Stipa tenacissima-7";1;0,8317
3;"Algeria";"Fateh, Amghar";"El Ouassria";1;3;"2017/04/14";1;"Bare";NA;NA;NA;7;NA;"Atractylis serratuloides";2;1;"1-3-Bare-7";1;0,8317
3;"Algeria";"Fateh, Amghar";"El Ouassria";1;3;"2017/04/14";1;"Bare";NA;NA;NA;7;NA;"Iris sisyrynchium";2;4;"1-3-Bare-7";1;0,8317
3;"Algeria";"Fateh, Amghar";"El Ouassria";1;3;"2017/04/14";1;"Bare";NA;NA;NA;7;NA;"Ajuga iva";1;2;"1-3-Bare-7";1;0,8317
3;"Algeria";"Fateh, Amghar";"El Ouassria";1;3;"2017/04/14";1;"Bare";NA;NA;NA;7;NA;"Plantago albicans";1;2;"1-3-Bare-7";1;0,8317
3;"Algeria";"Fateh, Amghar";"El Ouassria";1;3;"2017/04/14";2;"Stipa tenacissima";100;130;10386,88194;8;NA;"Allium cupani";1;1;"1-3-Stipa tenacissima-8";1;0,8317
3;"Algeria";"Fateh, Amghar";"El Ouassria";1;3;"2017/04/14";2;"Stipa tenacissima";100;130;10386,88194;8;NA;"Salvia verbenaca";2;4;"1-3-Stipa tenacissima-8";1;0,8317
3;"Algeria";"Fateh, Amghar";"El Ouassria";1;3;"2017/04/14";1;"Bare";NA;NA;NA;8;NA;"Iris sisyrynchium";3;6;"1-3-Bare-8";1;0,8317
3;"Algeria";"Fateh, Amghar";"El Ouassria";1;3;"2017/04/14";1;"Bare";NA;NA;NA;8;NA;"Atractylis serratuloides";2;4;"1-3-Bare-8";1;0,8317
3;"Algeria";"Fateh, Amghar";"El Ouassria";1;3;"2017/04/14";1;"Bare";NA;NA;NA;8;NA;"Ajuga iva";1;2;"1-3-Bare-8";1;0,8317
3;"Algeria";"Fateh, Amghar";"El Ouassria";1;3;"2017/04/14";1;"Bare";NA;NA;NA;8;NA;"Telephium imperati";1;1;"1-3-Bare-8";1;0,8317
3;"Algeria";"Fateh, Amghar";"El Ouassria";1;3;"2017/04/14";1;"Bare";NA;NA;NA;8;NA;"Stipa parviflora";1;1;"1-3-Bare-8";1;0,8317
3;"Algeria";"Fateh, Amghar";"El Ouassria";1;3;"2017/04/14";1;"Bare";NA;NA;NA;8;NA;"Paronychia argentea";1;1;"1-3-Bare-8";1;0,8317
3;"Algeria";"Fateh, Amghar";"El Ouassria";1;3;"2017/04/14";2;"Stipa tenacissima";90;95;6720,057359;9;NA;"Plantago albicans";2;18;"1-3-Stipa tenacissima-9";1;0,8317
3;"Algeria";"Fateh, Amghar";"El Ouassria";1;3;"2017/04/14";1;"Bare";NA;NA;NA;9;NA;"Atractylis serratuloides";6;4;"1-3-Bare-9";1;0,8317
3;"Algeria";"Fateh, Amghar";"El Ouassria";1;3;"2017/04/14";1;"Bare";NA;NA;NA;9;NA;"Iris sisyrynchium";2;2;"1-3-Bare-9";1;0,8317
3;"Algeria";"Fateh, Amghar";"El Ouassria";1;3;"2017/04/14";1;"Bare";NA;NA;NA;9;NA;"Ajuga iva";1;1;"1-3-Bare-9";1;0,8317
3;"Algeria";"Fateh, Amghar";"El Ouassria";1;3;"2017/04/14";1;"Bare";NA;NA;NA;9;NA;"Plantago albicans";1;1;"1-3-Bare-9";1;0,8317
3;"Algeria";"Fateh, Amghar";"El Ouassria";1;3;"2017/04/14";2;"Stipa tenacissima";145;135;15393,791;10;NA;"Allium cupani";1;2;"1-3-Stipa tenacissima-10";1;0,8317
3;"Algeria";"Fateh, Amghar";"El Ouassria";1;3;"2017/04/14";1;"Bare";NA;NA;NA;10;NA;"Atractylis serratuloides";1;2;"1-3-Bare-10";1;0,8317
3;"Algeria";"Fateh, Amghar";"El Ouassria";1;3;"2017/04/14";1;"Bare";NA;NA;NA;10;NA;"Iris sisyrynchium";45;25;"1-3-Bare-10";1;0,8317
3;"Algeria";"Fateh, Amghar";"El Ouassria";1;3;"2017/04/14";1;"Bare";NA;NA;NA;10;NA;"Allium cupani";1;2;"1-3-Bare-10";1;0,8317
3;"Algeria";"Fateh, Amghar";"El Ouassria";1;3;"2017/04/14";2;"Stipa tenacissima";120;100;9503,30975;11;NA;"Iris sisyrynchium";3;3;"1-3-Stipa tenacissima-11";1;0,8317
3;"Algeria";"Fateh, Amghar";"El Ouassria";1;3;"2017/04/14";1;"Bare";NA;NA;NA;11;NA;"Iris sisyrynchium";8;9;"1-3-Bare-11";1;0,8317
3;"Algeria";"Fateh, Amghar";"El Ouassria";1;3;"2017/04/14";1;"Bare";NA;NA;NA;11;NA;"Plantago albicans";1;2;"1-3-Bare-11";1;0,8317
3;"Algeria";"Fateh, Amghar";"El Ouassria";1;3;"2017/04/14";1;"Bare";NA;NA;NA;11;NA;"Stipa barbata";20;16;"1-3-Bare-11";1;0,8317
3;"Algeria";"Fateh, Amghar";"El Ouassria";1;3;"2017/04/14";2;"Stipa tenacissima";120;110;10386,88194;12;NA;NA;NA;NA;"1-3-Stipa tenacissima-12";1;0,8317
3;"Algeria";"Fateh, Amghar";"El Ouassria";1;3;"2017/04/14";1;"Bare";NA;NA;NA;12;NA;"Atractylis serratuloides";1;1;"1-3-Bare-12";1;0,8317
3;"Algeria";"Fateh, Amghar";"El Ouassria";1;3;"2017/04/14";1;"Bare";NA;NA;NA;12;NA;"Plantago albicans";12;35;"1-3-Bare-12";1;0,8317
3;"Algeria";"Fateh, Amghar";"El Ouassria";1;3;"2017/04/14";1;"Bare";NA;NA;NA;12;NA;"Iris sisyrynchium";7;5;"1-3-Bare-12";1;0,8317
3;"Algeria";"Fateh, Amghar";"El Ouassria";1;3;"2017/04/14";1;"Bare";NA;NA;NA;12;NA;"Allium cupani";7;6;"1-3-Bare-12";1;0,8317
3;"Algeria";"Fateh, Amghar";"El Ouassria";1;3;"2017/04/14";2;"Stipa tenacissima";113;110;9764,258069;13;NA;"Atractylis serratuloides";3;3;"1-3-Stipa tenacissima-13";1;0,8317
3;"Algeria";"Fateh, Amghar";"El Ouassria";1;3;"2017/04/14";2;"Stipa tenacissima";113;110;9764,258069;13;NA;"Plantago albicans";2;12;"1-3-Stipa tenacissima-13";1;0,8317
3;"Algeria";"Fateh, Amghar";"El Ouassria";1;3;"2017/04/14";2;"Stipa tenacissima";113;110;9764,258069;13;NA;"Paronychia argentea";2;1;"1-3-Stipa tenacissima-13";1;0,8317
3;"Algeria";"Fateh, Amghar";"El Ouassria";1;3;"2017/04/14";1;"Bare";NA;NA;NA;13;NA;"Atractylis serratuloides";3;1;"1-3-Bare-13";1;0,8317
3;"Algeria";"Fateh, Amghar";"El Ouassria";1;3;"2017/04/14";1;"Bare";NA;NA;NA;13;NA;"Plantago albicans";15;47;"1-3-Bare-13";1;0,8317
3;"Algeria";"Fateh, Amghar";"El Ouassria";1;3;"2017/04/14";1;"Bare";NA;NA;NA;13;NA;"Allium cupani";2;5;"1-3-Bare-13";1;0,8317
3;"Algeria";"Fateh, Amghar";"El Ouassria";1;3;"2017/04/14";1;"Bare";NA;NA;NA;14;NA;"Iris sisyrynchium";1;2;"1-3-Bare-14";1;0,8317
3;"Algeria";"Fateh, Amghar";"El Ouassria";1;3;"2017/04/14";2;"Stipa tenacissima";180;135;19482,76673;14;NA;"Allium cupani";1;1;"1-3-Stipa tenacissima-14";1;0,8317
3;"Algeria";"Fateh, Amghar";"El Ouassria";1;3;"2017/04/14";2;"Stipa tenacissima";180;135;19482,76673;14;NA;"Iris sisyrynchium";2;2;"1-3-Stipa tenacissima-14";1;0,8317
3;"Algeria";"Fateh, Amghar";"El Ouassria";1;3;"2017/04/14";2;"Stipa tenacissima";180;135;19482,76673;14;NA;"Atractylis serratuloides";2;2;"1-3-Stipa tenacissima-14";1;0,8317
3;"Algeria";"Fateh, Amghar";"El Ouassria";1;3;"2017/04/14";2;"Stipa tenacissima";180;135;19482,76673;14;NA;"Telephium imperati";1;1;"1-3-Stipa tenacissima-14";1;0,8317
3;"Algeria";"Fateh, Amghar";"El Ouassria";1;3;"2017/04/14";1;"Bare";NA;NA;NA;14;NA;"Plantago albicans";22;98;"1-3-Bare-14";1;0,8317
3;"Algeria";"Fateh, Amghar";"El Ouassria";1;3;"2017/04/14";1;"Bare";NA;NA;NA;14;NA;"Atractylis serratuloides";2;4;"1-3-Bare-14";1;0,8317
3;"Algeria";"Fateh, Amghar";"El Ouassria";1;3;"2017/04/14";1;"Bare";NA;NA;NA;14;NA;"Iris sisyrynchium";2;4;"1-3-Bare-14";1;0,8317
3;"Algeria";"Fateh, Amghar";"El Ouassria";1;3;"2017/04/14";1;"Bare";NA;NA;NA;14;NA;"Allium cupani";1;4;"1-3-Bare-14";1;0,8317
3;"Algeria";"Fateh, Amghar";"El Ouassria";1;3;"2017/04/14";1;"Bare";NA;NA;NA;14;NA;"Stipa parviflora";1;2;"1-3-Bare-14";1;0,8317
3;"Algeria";"Fateh, Amghar";"El Ouassria";1;3;"2017/04/14";1;"Bare";NA;NA;NA;14;NA;"Salvia verbenaca";1;1;"1-3-Bare-14";1;0,8317
3;"Algeria";"Fateh, Amghar";"El Ouassria";1;3;"2017/04/14";1;"Bare";NA;NA;NA;14;NA;"Ajuga iva";1;3;"1-3-Bare-14";1;0,8317
3;"Algeria";"Fateh, Amghar";"El Ouassria";1;3;"2017/04/14";1;"Bare";NA;NA;NA;14;NA;"Scorzonera undulata";1;2;"1-3-Bare-14";1;0,8317
3;"Algeria";"Fateh, Amghar";"El Ouassria";1;3;"2017/04/14";2;"Stipa tenacissima";120;100;9503,30975;15;NA;"Allium cupani";1;1;"1-3-Stipa tenacissima-15";1;0,8317
3;"Algeria";"Fateh, Amghar";"El Ouassria";1;3;"2017/04/14";1;"Bare";NA;NA;NA;15;NA;"Atractylis serratuloides";1;2;"1-3-Bare-15";1;0,8317
3;"Algeria";"Fateh, Amghar";"El Ouassria";1;3;"2017/04/14";1;"Bare";NA;NA;NA;15;NA;"Stipa parviflora";1;1;"1-3-Bare-15";1;0,8317
3;"Algeria";"Fateh, Amghar";"El Ouassria";1;3;"2017/04/14";1;"Bare";NA;NA;NA;15;NA;"Allium cupani";2;6;"1-3-Bare-15";1;0,8317
3;"Algeria";"Fateh, Amghar";"El Ouassria";1;3;"2017/04/14";2;"Stipa tenacissima";110;90;7853,975;16;NA;"Allium cupani";1;3;"1-3-Stipa tenacissima-16";1;0,8317
3;"Algeria";"Fateh, Amghar";"El Ouassria";1;3;"2017/04/14";1;"Bare";NA;NA;NA;16;NA;"Atractylis serratuloides";2;1;"1-3-Bare-16";1;0,8317
3;"Algeria";"Fateh, Amghar";"El Ouassria";1;3;"2017/04/14";1;"Bare";NA;NA;NA;16;NA;"Plantago albicans";12;39;"1-3-Bare-16";1;0,8317
3;"Algeria";"Fateh, Amghar";"El Ouassria";1;3;"2017/04/14";1;"Bare";NA;NA;NA;16;NA;"Allium cupani";2;6;"1-3-Bare-16";1;0,8317
3;"Algeria";"Fateh, Amghar";"El Ouassria";1;3;"2017/04/14";2;"Stipa tenacissima";120;140;13273,21775;17;NA;"Atractylis serratuloides";4;2;"1-3-Stipa tenacissima-17";1;0,8317
3;"Algeria";"Fateh, Amghar";"El Ouassria";1;3;"2017/04/14";2;"Stipa tenacissima";120;140;13273,21775;17;NA;"Plantago albicans";3;9;"1-3-Stipa tenacissima-17";1;0,8317
3;"Algeria";"Fateh, Amghar";"El Ouassria";1;3;"2017/04/14";2;"Stipa tenacissima";120;140;13273,21775;17;NA;"Iris sisyrynchium";1;1;"1-3-Stipa tenacissima-17";1;0,8317
3;"Algeria";"Fateh, Amghar";"El Ouassria";1;3;"2017/04/14";2;"Stipa tenacissima";120;140;13273,21775;17;NA;"Allium cupani";1;3;"1-3-Stipa tenacissima-17";1;0,8317
3;"Algeria";"Fateh, Amghar";"El Ouassria";1;3;"2017/04/14";1;"Bare";NA;NA;NA;17;NA;"Plantago albicans";12;47;"1-3-Bare-17";1;0,8317
3;"Algeria";"Fateh, Amghar";"El Ouassria";1;3;"2017/04/14";1;"Bare";NA;NA;NA;17;NA;"Allium cupani";2;2;"1-3-Bare-17";1;0,8317
3;"Algeria";"Fateh, Amghar";"El Ouassria";1;3;"2017/04/14";1;"Bare";NA;NA;NA;17;NA;"Atractylis serratuloides";1;1;"1-3-Bare-17";1;0,8317
3;"Algeria";"Fateh, Amghar";"El Ouassria";1;3;"2017/04/14";1;"Bare";NA;NA;NA;17;NA;"Noaea mucronata";1;1;"1-3-Bare-17";1;0,8317
3;"Algeria";"Fateh, Amghar";"El Ouassria";1;3;"2017/04/14";2;"Stipa tenacissima";100;90;7088,212438;18;NA;"Atractylis serratuloides";2;2;"1-3-Stipa tenacissima-18";1;0,8317
3;"Algeria";"Fateh, Amghar";"El Ouassria";1;3;"2017/04/14";2;"Stipa tenacissima";100;90;7088,212438;18;NA;"Plantago albicans";1;4;"1-3-Stipa tenacissima-18";1;0,8317
3;"Algeria";"Fateh, Amghar";"El Ouassria";1;3;"2017/04/14";2;"Stipa tenacissima";100;90;7088,212438;18;NA;"Allium cupani";1;1;"1-3-Stipa tenacissima-18";1;0,8317
3;"Algeria";"Fateh, Amghar";"El Ouassria";1;3;"2017/04/14";2;"Stipa tenacissima";100;90;7088,212438;18;NA;"Noaea mucronata";1;1;"1-3-Stipa tenacissima-18";1;0,8317
3;"Algeria";"Fateh, Amghar";"El Ouassria";1;3;"2017/04/14";1;"Bare";NA;NA;NA;18;NA;"Plantago albicans";45;110;"1-3-Bare-18";1;0,8317
3;"Algeria";"Fateh, Amghar";"El Ouassria";1;3;"2017/04/14";1;"Bare";NA;NA;NA;18;NA;"Iris sisyrynchium";2;4;"1-3-Bare-18";1;0,8317
3;"Algeria";"Fateh, Amghar";"El Ouassria";1;3;"2017/04/14";1;"Bare";NA;NA;NA;18;NA;"Allium cupani";1;6;"1-3-Bare-18";1;0,8317
3;"Algeria";"Fateh, Amghar";"El Ouassria";1;3;"2017/04/14";1;"Bare";NA;NA;NA;18;NA;"Atractylis serratuloides";1;1;"1-3-Bare-18";1;0,8317
3;"Algeria";"Fateh, Amghar";"El Ouassria";1;3;"2017/04/14";2;"Stipa tenacissima";130;120;12271,83594;19;NA;"Iris sisyrynchium";13;3;"1-3-Stipa tenacissima-19";1;0,8317
3;"Algeria";"Fateh, Amghar";"El Ouassria";1;3;"2017/04/14";2;"Stipa tenacissima";130;120;12271,83594;19;NA;"Allium cupani";8;1;"1-3-Stipa tenacissima-19";1;0,8317
3;"Algeria";"Fateh, Amghar";"El Ouassria";1;3;"2017/04/14";1;"Bare";NA;NA;NA;19;NA;"Atractylis serratuloides";2;12;"1-3-Bare-19";1;0,8317
3;"Algeria";"Fateh, Amghar";"El Ouassria";1;3;"2017/04/14";1;"Bare";NA;NA;NA;19;NA;"Plantago albicans";2;62;"1-3-Bare-19";1;0,8317
3;"Algeria";"Fateh, Amghar";"El Ouassria";1;3;"2017/04/14";1;"Bare";NA;NA;NA;19;NA;"Iris sisyrynchium";1;4;"1-3-Bare-19";1;0,8317
3;"Algeria";"Fateh, Amghar";"El Ouassria";1;3;"2017/04/14";1;"Bare";NA;NA;NA;19;NA;"Allium cupani";1;5;"1-3-Bare-19";1;0,8317
3;"Algeria";"Fateh, Amghar";"El Ouassria";1;3;"2017/04/14";1;"Bare";NA;NA;NA;19;NA;"Telephium imperati";1;1;"1-3-Bare-19";1;0,8317
3;"Algeria";"Fateh, Amghar";"El Ouassria";1;3;"2017/04/14";1;"Bare";NA;NA;NA;19;NA;"Scorzonera undulata";1;1;"1-3-Bare-19";1;0,8317
3;"Algeria";"Fateh, Amghar";"El Ouassria";1;3;"2017/04/14";2;"Stipa tenacissima";110;100;8659,007438;20;NA;"Atractylis serratuloides";4;2;"1-3-Stipa tenacissima-20";1;0,8317
3;"Algeria";"Fateh, Amghar";"El Ouassria";1;3;"2017/04/14";2;"Stipa tenacissima";110;100;8659,007438;20;NA;"Plantago albicans";1;1;"1-3-Stipa tenacissima-20";1;0,8317
3;"Algeria";"Fateh, Amghar";"El Ouassria";1;3;"2017/04/14";2;"Stipa tenacissima";110;100;8659,007438;20;NA;"Telephium imperati";1;1;"1-3-Stipa tenacissima-20";1;0,8317
3;"Algeria";"Fateh, Amghar";"El Ouassria";1;3;"2017/04/14";1;"Bare";NA;NA;NA;20;NA;"Atractylis serratuloides";3;3;"1-3-Bare-20";1;0,8317
3;"Algeria";"Fateh, Amghar";"El Ouassria";1;3;"2017/04/14";1;"Bare";NA;NA;NA;20;NA;"Allium cupani";1;6;"1-3-Bare-20";1;0,8317
3;"Algeria";"Fateh, Amghar";"El Ouassria";1;3;"2017/04/14";1;"Bare";NA;NA;NA;20;NA;"Iris sisyrynchium";2;5;"1-3-Bare-20";1;0,8317
3;"Algeria";"Fateh, Amghar";"El Ouassria";1;3;"2017/04/14";1;"Bare";NA;NA;NA;20;NA;"Telephium imperati";1;1;"1-3-Bare-20";1;0,8317
3;"Algeria";"Fateh, Amghar";"El Ouassria";1;3;"2017/04/14";2;"Stipa tenacissima";80;100;6361,71975;21;NA;NA;NA;NA;"1-3-Stipa tenacissima-21";1;0,8317
3;"Algeria";"Fateh, Amghar";"El Ouassria";1;3;"2017/04/14";1;"Bare";NA;NA;NA;21;NA;"Allium cupani";1;4;"1-3-Bare-21";1;0,8317
3;"Algeria";"Fateh, Amghar";"El Ouassria";1;3;"2017/04/14";1;"Bare";NA;NA;NA;21;NA;"Iris sisyrynchium";1;1;"1-3-Bare-21";1;0,8317
3;"Algeria";"Fateh, Amghar";"El Ouassria";1;3;"2017/04/14";2;"Stipa tenacissima";115;110;9940,187109;22;NA;"Atractylis serratuloides";1;1;"1-3-Stipa tenacissima-22";1;0,8317
3;"Algeria";"Fateh, Amghar";"El Ouassria";1;3;"2017/04/14";2;"Stipa tenacissima";115;110;9940,187109;22;NA;"Iris sisyrynchium";1;1;"1-3-Stipa tenacissima-22";1;0,8317
3;"Algeria";"Fateh, Amghar";"El Ouassria";1;3;"2017/04/14";2;"Stipa tenacissima";115;110;9940,187109;22;NA;"Allium cupani";1;1;"1-3-Stipa tenacissima-22";1;0,8317
3;"Algeria";"Fateh, Amghar";"El Ouassria";1;3;"2017/04/14";1;"Bare";NA;NA;NA;22;NA;"Iris sisyrynchium";2;3;"1-3-Bare-22";1;0,8317
3;"Algeria";"Fateh, Amghar";"El Ouassria";1;3;"2017/04/14";1;"Bare";NA;NA;NA;22;NA;"Allium cupani";1;1;"1-3-Bare-22";1;0,8317
3;"Algeria";"Fateh, Amghar";"El Ouassria";1;3;"2017/04/14";1;"Bare";NA;NA;NA;22;NA;"Plantago albicans";1;2;"1-3-Bare-22";1;0,8317
3;"Algeria";"Fateh, Amghar";"El Ouassria";1;3;"2017/04/14";1;"Bare";NA;NA;NA;22;NA;"Telephium imperati";1;1;"1-3-Bare-22";1;0,8317
3;"Algeria";"Fateh, Amghar";"El Ouassria";1;3;"2017/04/14";2;"Stipa tenacissima";120;100;9503,30975;23;NA;"Atractylis serratuloides";5;1;"1-3-Stipa tenacissima-23";1;0,8317
3;"Algeria";"Fateh, Amghar";"El Ouassria";1;3;"2017/04/14";2;"Stipa tenacissima";120;100;9503,30975;23;NA;"Paronychia argentea";3;2;"1-3-Stipa tenacissima-23";1;0,8317
3;"Algeria";"Fateh, Amghar";"El Ouassria";1;3;"2017/04/14";2;"Stipa tenacissima";120;100;9503,30975;23;NA;"Scorzonera undulata";1;2;"1-3-Stipa tenacissima-23";1;0,8317
3;"Algeria";"Fateh, Amghar";"El Ouassria";1;3;"2017/04/14";1;"Bare";NA;NA;NA;23;NA;"Iris sisyrynchium";12;9;"1-3-Bare-23";1;0,8317
3;"Algeria";"Fateh, Amghar";"El Ouassria";1;3;"2017/04/14";1;"Bare";NA;NA;NA;23;NA;"Allium cupani";6;5;"1-3-Bare-23";1;0,8317
3;"Algeria";"Fateh, Amghar";"El Ouassria";1;3;"2017/04/14";1;"Bare";NA;NA;NA;23;NA;"Scorzonera undulata";1;1;"1-3-Bare-23";1;0,8317
3;"Algeria";"Fateh, Amghar";"El Ouassria";1;3;"2017/04/14";2;"Stipa tenacissima";175;170;23370,48436;24;NA;"Atractylis serratuloides";4;2;"1-3-Stipa tenacissima-24";1;0,8317
3;"Algeria";"Fateh, Amghar";"El Ouassria";1;3;"2017/04/14";2;"Stipa tenacissima";175;170;23370,48436;24;NA;"Plantago albicans";1;2;"1-3-Stipa tenacissima-24";1;0,8317
3;"Algeria";"Fateh, Amghar";"El Ouassria";1;3;"2017/04/14";2;"Stipa tenacissima";175;170;23370,48436;24;NA;"Ajuga iva";1;1;"1-3-Stipa tenacissima-24";1;0,8317
3;"Algeria";"Fateh, Amghar";"El Ouassria";1;3;"2017/04/14";1;"Bare";NA;NA;NA;24;NA;"Atractylis serratuloides";1;2;"1-3-Bare-24";1;0,8317
3;"Algeria";"Fateh, Amghar";"El Ouassria";1;3;"2017/04/14";1;"Bare";NA;NA;NA;24;NA;"Allium cupani";1;4;"1-3-Bare-24";1;0,8317
3;"Algeria";"Fateh, Amghar";"El Ouassria";1;3;"2017/04/14";1;"Bare";NA;NA;NA;24;NA;"Iris sisyrynchium";4;15;"1-3-Bare-24";1;0,8317
3;"Algeria";"Fateh, Amghar";"El Ouassria";1;3;"2017/04/14";1;"Bare";NA;NA;NA;24;NA;"Plantago albicans";3;9;"1-3-Bare-24";1;0,8317
3;"Algeria";"Fateh, Amghar";"El Ouassria";1;3;"2017/04/14";2;"Stipa tenacissima";175;145;20106,176;25;NA;"Allium cupani";1;3;"1-3-Stipa tenacissima-25";1;0,8317
3;"Algeria";"Fateh, Amghar";"El Ouassria";1;3;"2017/04/14";2;"Stipa tenacissima";175;145;20106,176;25;NA;"Iris sisyrynchium";1;1;"1-3-Stipa tenacissima-25";1;0,8317
3;"Algeria";"Fateh, Amghar";"El Ouassria";1;3;"2017/04/14";1;"Bare";NA;NA;NA;25;NA;"Scorzonera undulata";1;3;"1-3-Bare-25";1;0,8317
3;"Algeria";"Fateh, Amghar";"El Ouassria";1;3;"2017/04/14";1;"Bare";NA;NA;NA;25;NA;"Plantago albicans";1;1;"1-3-Bare-25";1;0,8317
3;"Algeria";"Fateh, Amghar";"El Ouassria";1;3;"2017/04/14";1;"Bare";NA;NA;NA;25;NA;"Allium cupani";1;1;"1-3-Bare-25";1;0,8317
